{
"type": "FeatureCollection",
"name": "bhimavaram_village",
"crs": { "type": "name", "properties": { "name": "urn:ogc:def:crs:OGC:1.3:CRS84" } },
"features": [
{ "type": "Feature", "properties": { "objectid": 424, "dname": "WEST GODAVARI", "dmname": "BHIMAVARAM", "dvname": "Losarigutlapadu", "dcode": "05", "mcode": "36", "vcode": "012", "dmv_code": "0536012", "hname": "LOSARI", "district": 546.0, "subdistt": 4984.0, "town_villa": 588735.0, "ward": 0.0, "eb": 0.0, "level": "VILLAGE", "name": "Losarigutlapadu", "tru": "Rural", "no_hh": 6390.0, "tot_p": 22831.0, "tot_m": 11467.0, "tot_f": 11364.0, "p_06": 2274.0, "m_06": 1131.0, "f_06": 1143.0, "p_sc": 1545.0, "m_sc": 745.0, "f_sc": 800.0, "p_st": 75.0, "m_st": 34.0, "f_st": 41.0, "p_lit": 14022.0, "m_lit": 7572.0, "f_lit": 6450.0, "p_ill": 8809.0, "m_ill": 3895.0, "f_ill": 4914.0, "tot_work_p": 10831.0, "tot_work_m": 7031.0, "tot_work_f": 3800.0, "mainwork_p": 9253.0, "mainwork_m": 6582.0, "mainwork_f": 2671.0, "main_cl_p": 976.0, "main_cl_m": 914.0, "main_cl_f": 62.0, "main_al_p": 6899.0, "main_al_m": 4549.0, "main_al_f": 2350.0, "main_hh_p": 35.0, "main_hh_m": 28.0, "main_hh_f": 7.0, "main_ot_p": 1343.0, "main_ot_m": 1091.0, "main_ot_f": 252.0, "margwork_p": 1578.0, "margwork_m": 449.0, "margwork_f": 1129.0, "marg_cl_p": 34.0, "marg_cl_m": 24.0, "marg_cl_f": 10.0, "marg_al_p": 1380.0, "marg_al_m": 367.0, "marg_al_f": 1013.0, "marg_hh_p": 10.0, "marg_hh_m": 6.0, "marg_hh_f": 4.0, "marg_ot_p": 154.0, "marg_ot_m": 52.0, "marg_ot_f": 102.0, "margwork_3": 1337.0, "margwork_4": 399.0, "margwork_5": 938.0, "marg_cl_3_": 25.0, "marg_cl_31": 19.0, "marg_cl_32": 6.0, "marg_al_3_": 1207.0, "marg_al_31": 336.0, "marg_al_32": 871.0, "marg_hh_3_": 10.0, "marg_hh_31": 6.0, "marg_hh_32": 4.0, "marg_ot_3_": 95.0, "marg_ot_31": 38.0, "marg_ot_32": 57.0, "margwork_0": 241.0, "margwork_1": 50.0, "margwork_2": 191.0, "marg_cl_0_": 9.0, "marg_cl_01": 5.0, "marg_cl_02": 4.0, "marg_al_0_": 173.0, "marg_al_01": 31.0, "marg_al_02": 142.0, "marg_hh_0_": 0.0, "marg_hh_01": 0.0, "marg_hh_02": 0.0, "marg_ot_0_": 59.0, "marg_ot_01": 14.0, "marg_ot_02": 45.0, "non_work_p": 12000.0, "non_work_m": 4436.0, "non_work_f": 7564.0, "source_table": "villagewise_population", "created_at": "2026-02-20T19:03:55", "district_28_legacy": "West Godavari", "district_code_28_legacy": "10", "district_name": "West Godavari", "district_lgd": 523, "SHAPE__Length": 5562.4897634131921, "SHAPE__Area": 1296566.9159613799 }, "geometry": { "type": "MultiPolygon", "coordinates": [ [ [ [ 81.473493008000105, 16.396046506000125 ], [ 81.472982417000097, 16.396464017000053 ], [ 81.472311145000063, 16.396811316 ], [ 81.471896435000048, 16.39701696900012 ], [ 81.471845863000055, 16.397042044000042 ], [ 81.471845666000021, 16.397042145000068 ], [ 81.471658446000049, 16.397104290000119 ], [ 81.471658870000098, 16.397244487000044 ], [ 81.471658415000022, 16.397481921000132 ], [ 81.471659091000035, 16.397705670000125 ], [ 81.471659092000024, 16.397705783000063 ], [ 81.469986003000031, 16.397549371000132 ], [ 81.469500157000084, 16.397630442 ], [ 81.468130419000019, 16.39785814200015 ], [ 81.466485590000048, 16.397750804000129 ], [ 81.464693327000063, 16.397693611000054 ], [ 81.463756148000101, 16.398039926000092 ], [ 81.462901076000051, 16.398426712000088 ], [ 81.462023265000084, 16.399045901000072 ], [ 81.461450692000071, 16.399507086000035 ], [ 81.460870367000027, 16.400119229000076 ], [ 81.460412762000075, 16.400642843000075 ], [ 81.460244662000022, 16.400835513000075 ], [ 81.460073150000085, 16.401062112 ], [ 81.45987596900008, 16.40132270000003 ], [ 81.459688122000017, 16.401571956000076 ], [ 81.459347042000047, 16.402287453000071 ], [ 81.458633101000018, 16.402876780000074 ], [ 81.457941742000074, 16.403577975000093 ], [ 81.457462891000034, 16.403963515000068 ], [ 81.457462638000067, 16.403963712000078 ], [ 81.457902374000057, 16.404527244000153 ], [ 81.459981952000106, 16.407051860000067 ], [ 81.460377701000084, 16.406994802000117 ], [ 81.462612829000108, 16.405873822000117 ], [ 81.465755386000055, 16.404248860000035 ], [ 81.469288446000107, 16.402401153000032 ], [ 81.470853002000098, 16.402288788000089 ], [ 81.473829317000096, 16.401505924000126 ], [ 81.478141054000091, 16.400385689000125 ], [ 81.476397524000035, 16.398646082000074 ], [ 81.473799543000027, 16.396319818000105 ], [ 81.473495356000072, 16.396048195000049 ], [ 81.473493237000085, 16.396046671000018 ], [ 81.473493008000105, 16.396046506000125 ] ] ] ] } },
{ "type": "Feature", "properties": { "objectid": 440, "dname": "WEST GODAVARI", "dmname": "BHIMAVARAM", "dvname": "Narasimhapuram", "dcode": "05", "mcode": "36", "vcode": "003", "dmv_code": "0536003", "hname": "RAJIVNAGAR", "district": 546.0, "subdistt": 4984.0, "town_villa": 588727.0, "ward": 0.0, "eb": 0.0, "level": "VILLAGE", "name": "Narasimhapuram", "tru": "Rural", "no_hh": 589.0, "tot_p": 2075.0, "tot_m": 1016.0, "tot_f": 1059.0, "p_06": 190.0, "m_06": 95.0, "f_06": 95.0, "p_sc": 331.0, "m_sc": 160.0, "f_sc": 171.0, "p_st": 50.0, "m_st": 27.0, "f_st": 23.0, "p_lit": 1324.0, "m_lit": 682.0, "f_lit": 642.0, "p_ill": 751.0, "m_ill": 334.0, "f_ill": 417.0, "tot_work_p": 1085.0, "tot_work_m": 657.0, "tot_work_f": 428.0, "mainwork_p": 745.0, "mainwork_m": 637.0, "mainwork_f": 108.0, "main_cl_p": 45.0, "main_cl_m": 44.0, "main_cl_f": 1.0, "main_al_p": 446.0, "main_al_m": 372.0, "main_al_f": 74.0, "main_hh_p": 2.0, "main_hh_m": 1.0, "main_hh_f": 1.0, "main_ot_p": 252.0, "main_ot_m": 220.0, "main_ot_f": 32.0, "margwork_p": 340.0, "margwork_m": 20.0, "margwork_f": 320.0, "marg_cl_p": 5.0, "marg_cl_m": 2.0, "marg_cl_f": 3.0, "marg_al_p": 329.0, "marg_al_m": 16.0, "marg_al_f": 313.0, "marg_hh_p": 0.0, "marg_hh_m": 0.0, "marg_hh_f": 0.0, "marg_ot_p": 6.0, "marg_ot_m": 2.0, "marg_ot_f": 4.0, "margwork_3": 230.0, "margwork_4": 14.0, "margwork_5": 216.0, "marg_cl_3_": 2.0, "marg_cl_31": 1.0, "marg_cl_32": 1.0, "marg_al_3_": 225.0, "marg_al_31": 13.0, "marg_al_32": 212.0, "marg_hh_3_": 0.0, "marg_hh_31": 0.0, "marg_hh_32": 0.0, "marg_ot_3_": 3.0, "marg_ot_31": 0.0, "marg_ot_32": 3.0, "margwork_0": 110.0, "margwork_1": 6.0, "margwork_2": 104.0, "marg_cl_0_": 3.0, "marg_cl_01": 1.0, "marg_cl_02": 2.0, "marg_al_0_": 104.0, "marg_al_01": 3.0, "marg_al_02": 101.0, "marg_hh_0_": 0.0, "marg_hh_01": 0.0, "marg_hh_02": 0.0, "marg_ot_0_": 3.0, "marg_ot_01": 2.0, "marg_ot_02": 1.0, "non_work_p": 990.0, "non_work_m": 359.0, "non_work_f": 631.0, "source_table": "villagewise_population", "created_at": "2026-02-20T19:03:55", "district_28_legacy": "West Godavari", "district_code_28_legacy": "10", "district_name": "West Godavari", "district_lgd": 523, "SHAPE__Length": 6319.5223930322472, "SHAPE__Area": 1920586.7562327259 }, "geometry": { "type": "MultiPolygon", "coordinates": [ [ [ [ 81.508941880000066, 16.568996373000118 ], [ 81.509006051000156, 16.565251078000035 ], [ 81.509116777000045, 16.562496611000064 ], [ 81.509673827000086, 16.562199294000148 ], [ 81.511124630000097, 16.562051364000098 ], [ 81.512314733000039, 16.562126371000058 ], [ 81.513246571000124, 16.562088522000064 ], [ 81.513880416000063, 16.561978077000099 ], [ 81.514550801000041, 16.561567912000115 ], [ 81.514810530000048, 16.56104705400007 ], [ 81.514396775000066, 16.560340546000038 ], [ 81.514365539000053, 16.559744814000108 ], [ 81.514623969000112, 16.55918552000011 ], [ 81.514547257000061, 16.558664545000116 ], [ 81.514249588000084, 16.558328523000124 ], [ 81.512049416000082, 16.557285377 ], [ 81.511790020000078, 16.557546759000044 ], [ 81.51123250800002, 16.557695409000104 ], [ 81.510674221000031, 16.556875701000042 ], [ 81.510300993000072, 16.557098982000184 ], [ 81.509483574000029, 16.556986106000075 ], [ 81.508924843000059, 16.556390254000153 ], [ 81.508359560000031, 16.555943093000042 ], [ 81.507695118000058, 16.555645466000097 ], [ 81.507320457000048, 16.555421594000094 ], [ 81.506244219000081, 16.555382965000089 ], [ 81.505908959000081, 16.555382832000149 ], [ 81.505572665000059, 16.55579310800011 ], [ 81.504862862000039, 16.555605841000048 ], [ 81.503854369000123, 16.555122108000081 ], [ 81.502556107000046, 16.554934315000082 ], [ 81.502220847000046, 16.55493417500011 ], [ 81.500913969000052, 16.554227484000048 ], [ 81.500913910000051, 16.55422745200012 ], [ 81.500619116000095, 16.554425812000073 ], [ 81.50047174900007, 16.554524973000124 ], [ 81.500341335000044, 16.554560840000065 ], [ 81.49980064500005, 16.554709541000044 ], [ 81.499800332000106, 16.554709735000081 ], [ 81.499478672000095, 16.554908835000074 ], [ 81.499319798000087, 16.555007172999982 ], [ 81.499319796000094, 16.555007205000045 ], [ 81.499218509000087, 16.556516699000042 ], [ 81.499169787000113, 16.557242810000098 ], [ 81.499200393000066, 16.558082608000056 ], [ 81.499289164000103, 16.560518369000093 ], [ 81.499474404000097, 16.562007387000083 ], [ 81.499713229000065, 16.56291308000003 ], [ 81.499926468000112, 16.563721739000112 ], [ 81.500912222000082, 16.565293031000081 ], [ 81.501303837000123, 16.565917257000084 ], [ 81.501406714000012, 16.566059077 ], [ 81.501601732000054, 16.566327915000045 ], [ 81.501859495000105, 16.567447662000109 ], [ 81.502124763000026, 16.568600001000103 ], [ 81.502423367000034, 16.569231687000091 ], [ 81.502806095000039, 16.570142382000036 ], [ 81.503171929000061, 16.570163911000108 ], [ 81.50365208100007, 16.569270449000044 ], [ 81.504209035000017, 16.568934707000135 ], [ 81.50465897, 16.568861015000074 ], [ 81.505331527000109, 16.568750481000087 ], [ 81.506667036000096, 16.568825652000122 ], [ 81.507415214000048, 16.568900305000078 ], [ 81.508049199000126, 16.568826056000105 ], [ 81.508941880000066, 16.568996373000118 ] ] ] ] } },
{ "type": "Feature", "properties": { "objectid": 8813, "dname": "WEST GODAVARI", "dmname": "BHIMAVARAM", "dvname": "Annavaram", "dcode": "05", "mcode": "36", "vcode": "001", "dmv_code": "0536001", "hname": "VELLATURU", "district": 546.0, "subdistt": 4984.0, "town_villa": 588726.0, "ward": 0.0, "eb": 0.0, "level": "VILLAGE", "name": "Annavaram", "tru": "Rural", "no_hh": 404.0, "tot_p": 1396.0, "tot_m": 697.0, "tot_f": 699.0, "p_06": 128.0, "m_06": 65.0, "f_06": 63.0, "p_sc": 96.0, "m_sc": 47.0, "f_sc": 49.0, "p_st": 19.0, "m_st": 10.0, "f_st": 9.0, "p_lit": 943.0, "m_lit": 491.0, "f_lit": 452.0, "p_ill": 453.0, "m_ill": 206.0, "f_ill": 247.0, "tot_work_p": 667.0, "tot_work_m": 445.0, "tot_work_f": 222.0, "mainwork_p": 547.0, "mainwork_m": 442.0, "mainwork_f": 105.0, "main_cl_p": 48.0, "main_cl_m": 45.0, "main_cl_f": 3.0, "main_al_p": 358.0, "main_al_m": 273.0, "main_al_f": 85.0, "main_hh_p": 0.0, "main_hh_m": 0.0, "main_hh_f": 0.0, "main_ot_p": 141.0, "main_ot_m": 124.0, "main_ot_f": 17.0, "margwork_p": 120.0, "margwork_m": 3.0, "margwork_f": 117.0, "marg_cl_p": 0.0, "marg_cl_m": 0.0, "marg_cl_f": 0.0, "marg_al_p": 107.0, "marg_al_m": 3.0, "marg_al_f": 104.0, "marg_hh_p": 4.0, "marg_hh_m": 0.0, "marg_hh_f": 4.0, "marg_ot_p": 9.0, "marg_ot_m": 0.0, "marg_ot_f": 9.0, "margwork_3": 118.0, "margwork_4": 2.0, "margwork_5": 116.0, "marg_cl_3_": 0.0, "marg_cl_31": 0.0, "marg_cl_32": 0.0, "marg_al_3_": 106.0, "marg_al_31": 2.0, "marg_al_32": 104.0, "marg_hh_3_": 4.0, "marg_hh_31": 0.0, "marg_hh_32": 4.0, "marg_ot_3_": 8.0, "marg_ot_31": 0.0, "marg_ot_32": 8.0, "margwork_0": 2.0, "margwork_1": 1.0, "margwork_2": 1.0, "marg_cl_0_": 0.0, "marg_cl_01": 0.0, "marg_cl_02": 0.0, "marg_al_0_": 1.0, "marg_al_01": 1.0, "marg_al_02": 0.0, "marg_hh_0_": 0.0, "marg_hh_01": 0.0, "marg_hh_02": 0.0, "marg_ot_0_": 1.0, "marg_ot_01": 0.0, "marg_ot_02": 1.0, "non_work_p": 729.0, "non_work_m": 252.0, "non_work_f": 477.0, "source_table": "villagewise_population", "created_at": "2026-02-20T19:03:55", "district_28_legacy": "West Godavari", "district_code_28_legacy": "10", "district_name": "West Godavari", "district_lgd": 523, "SHAPE__Length": 7824.4955529864192, "SHAPE__Area": 3421329.4382419367 }, "geometry": { "type": "MultiPolygon", "coordinates": [ [ [ [ 81.511343305000111, 16.582976348000066 ], [ 81.511694707000089, 16.582719493000081 ], [ 81.512006492000069, 16.582491595000075 ], [ 81.512158518000064, 16.582008940000041 ], [ 81.512158546000094, 16.582008939000129 ], [ 81.513089834000098, 16.581934951000047 ], [ 81.513090333000022, 16.581934914000058 ], [ 81.513311071000032, 16.581673648000116 ], [ 81.513760666000067, 16.581486878000128 ], [ 81.514498829000033, 16.581369089000084 ], [ 81.514692236000045, 16.581338226000057 ], [ 81.515096229000051, 16.581189465000016 ], [ 81.515429925000021, 16.581092304000045 ], [ 81.515729893000071, 16.581004963000066 ], [ 81.516547050000085, 16.581005321000056 ], [ 81.517256589000027, 16.581080055000022 ], [ 81.518112232000121, 16.581378203000043 ], [ 81.519196086000122, 16.581191759000085 ], [ 81.519829621000071, 16.580968805000158 ], [ 81.520271812000033, 16.580671245000122 ], [ 81.520531595000108, 16.580522347000109 ], [ 81.520466374000122, 16.579428945000117 ], [ 81.520382750000053, 16.578027012000103 ], [ 81.520382222000151, 16.577445741000133 ], [ 81.520381400000076, 16.576538587000048 ], [ 81.52042609800003, 16.57616851100013 ], [ 81.520448747000032, 16.575980999000059 ], [ 81.520635319000064, 16.575711314000138 ], [ 81.520860642000059, 16.575385618000094 ], [ 81.521476135000086, 16.574717801000144 ], [ 81.521751981000079, 16.574418505000033 ], [ 81.522308382000091, 16.573561513000069 ], [ 81.52233520500009, 16.573516863000034 ], [ 81.522644183000068, 16.573002539000047 ], [ 81.523390206000087, 16.571700641000103 ], [ 81.524052733000104, 16.570322680000078 ], [ 81.524280745000098, 16.569429941000116 ], [ 81.524280221000112, 16.569429767000035 ], [ 81.523493257000013, 16.569167789000012 ], [ 81.522715323000071, 16.56931601200014 ], [ 81.519814925000077, 16.56965102100007 ], [ 81.517393833000057, 16.569575264000026 ], [ 81.5169820200001, 16.569834851000095 ], [ 81.514486173000066, 16.570205873000088 ], [ 81.513074962000076, 16.570651618000106 ], [ 81.512517056, 16.570689474000023 ], [ 81.512105088000112, 16.570540341000054 ], [ 81.511509038000042, 16.570019229000042 ], [ 81.5109131050001, 16.569533728000042 ], [ 81.510278160000027, 16.569310075 ], [ 81.509606997000063, 16.569124970000086 ], [ 81.508941880000066, 16.568996373000118 ], [ 81.508049199000126, 16.568826056000105 ], [ 81.507415214000048, 16.568900305000078 ], [ 81.506667036000096, 16.568825652000122 ], [ 81.505331527000109, 16.568750481000087 ], [ 81.50465897, 16.568861015000074 ], [ 81.504209035000017, 16.568934707000135 ], [ 81.50365208100007, 16.569270449000044 ], [ 81.503171929000061, 16.570163911000108 ], [ 81.502806095000039, 16.570142382000036 ], [ 81.502827796000133, 16.570325787000112 ], [ 81.502874763000079, 16.570722740000065 ], [ 81.502127651000094, 16.571354126000124 ], [ 81.50176261200005, 16.572321864000141 ], [ 81.500939655000053, 16.573438495000108 ], [ 81.500421490000079, 16.57418225800004 ], [ 81.500066980000028, 16.574635712000067 ], [ 81.499751275000037, 16.575039528000104 ], [ 81.499867591000083, 16.57623026700006 ], [ 81.500875605, 16.582078124000059 ], [ 81.501037896000071, 16.58217662100002 ], [ 81.50259413600007, 16.583121110000093 ], [ 81.50389198700006, 16.583121791000142 ], [ 81.507021963000071, 16.583382706000073 ], [ 81.507022338000084, 16.583382706000073 ], [ 81.507022491000043, 16.583382715000081 ], [ 81.509144961000047, 16.583383722000132 ], [ 81.509145189000037, 16.583383722000132 ], [ 81.509237264000049, 16.583356785000078 ], [ 81.509777692000043, 16.583198675000073 ], [ 81.511099291000065, 16.583011001000116 ], [ 81.51134296400005, 16.582976396000074 ], [ 81.511343305000111, 16.582976348000066 ] ] ] ] } },
{ "type": "Feature", "properties": { "objectid": 8827, "dname": "WEST GODAVARI", "dmname": "BHIMAVARAM", "dvname": "Bhimavaram (M)", "dcode": " ", "mcode": " ", "vcode": " ", "dmv_code": " ", "hname": " ", "district": 0.0, "subdistt": 0.0, "town_villa": 0.0, "ward": 0.0, "eb": 0.0, "level": " ", "name": " ", "tru": " ", "no_hh": 0.0, "tot_p": 0.0, "tot_m": 0.0, "tot_f": 0.0, "p_06": 0.0, "m_06": 0.0, "f_06": 0.0, "p_sc": 0.0, "m_sc": 0.0, "f_sc": 0.0, "p_st": 0.0, "m_st": 0.0, "f_st": 0.0, "p_lit": 0.0, "m_lit": 0.0, "f_lit": 0.0, "p_ill": 0.0, "m_ill": 0.0, "f_ill": 0.0, "tot_work_p": 0.0, "tot_work_m": 0.0, "tot_work_f": 0.0, "mainwork_p": 0.0, "mainwork_m": 0.0, "mainwork_f": 0.0, "main_cl_p": 0.0, "main_cl_m": 0.0, "main_cl_f": 0.0, "main_al_p": 0.0, "main_al_m": 0.0, "main_al_f": 0.0, "main_hh_p": 0.0, "main_hh_m": 0.0, "main_hh_f": 0.0, "main_ot_p": 0.0, "main_ot_m": 0.0, "main_ot_f": 0.0, "margwork_p": 0.0, "margwork_m": 0.0, "margwork_f": 0.0, "marg_cl_p": 0.0, "marg_cl_m": 0.0, "marg_cl_f": 0.0, "marg_al_p": 0.0, "marg_al_m": 0.0, "marg_al_f": 0.0, "marg_hh_p": 0.0, "marg_hh_m": 0.0, "marg_hh_f": 0.0, "marg_ot_p": 0.0, "marg_ot_m": 0.0, "marg_ot_f": 0.0, "margwork_3": 0.0, "margwork_4": 0.0, "margwork_5": 0.0, "marg_cl_3_": 0.0, "marg_cl_31": 0.0, "marg_cl_32": 0.0, "marg_al_3_": 0.0, "marg_al_31": 0.0, "marg_al_32": 0.0, "marg_hh_3_": 0.0, "marg_hh_31": 0.0, "marg_hh_32": 0.0, "marg_ot_3_": 0.0, "marg_ot_31": 0.0, "marg_ot_32": 0.0, "margwork_0": 0.0, "margwork_1": 0.0, "margwork_2": 0.0, "marg_cl_0_": 0.0, "marg_cl_01": 0.0, "marg_cl_02": 0.0, "marg_al_0_": 0.0, "marg_al_01": 0.0, "marg_al_02": 0.0, "marg_hh_0_": 0.0, "marg_hh_01": 0.0, "marg_hh_02": 0.0, "marg_ot_0_": 0.0, "marg_ot_01": 0.0, "marg_ot_02": 0.0, "non_work_p": 0.0, "non_work_m": 0.0, "non_work_f": 0.0, "source_table": "villagewise_population", "created_at": "2026-02-20T19:03:55", "district_28_legacy": "West Godavari", "district_code_28_legacy": "10", "district_name": "West Godavari", "district_lgd": 523, "SHAPE__Length": 8464.9243287746158, "SHAPE__Area": 3237142.7134757708 }, "geometry": { "type": "MultiPolygon", "coordinates": [ [ [ [ 81.532229644000054, 16.547415879000063 ], [ 81.534769339, 16.545530068000105 ], [ 81.537146698000072, 16.543137092000087 ], [ 81.538325376000031, 16.539842225000054 ], [ 81.538653546000049, 16.537043520000076 ], [ 81.538988137000089, 16.535808419000094 ], [ 81.538386766000031, 16.534740183000096 ], [ 81.536510502000084, 16.534827443000083 ], [ 81.532672130000037, 16.534919647000091 ], [ 81.530310619000048, 16.534657869000018 ], [ 81.530112097000128, 16.534880081000026 ], [ 81.529901090000067, 16.535932194000107 ], [ 81.529776786000099, 16.535914488000131 ], [ 81.528154395000072, 16.535507383000073 ], [ 81.526018985000078, 16.534854802000023 ], [ 81.524304642000047, 16.533213330000084 ], [ 81.523109737000098, 16.533051914000129 ], [ 81.520906781000093, 16.536102218000099 ], [ 81.518714690000095, 16.541786204000054 ], [ 81.517524658000042, 16.542776827000019 ], [ 81.516160539000069, 16.542862356000132 ], [ 81.511635186000063, 16.541886138000059 ], [ 81.510957880000063, 16.543040253000107 ], [ 81.512669696000032, 16.5442702990001 ], [ 81.514978434000085, 16.545581065000079 ], [ 81.51643583200007, 16.547140853000101 ], [ 81.517378596000071, 16.547961079000068 ], [ 81.519339122000105, 16.547791764000142 ], [ 81.521297490000052, 16.546963861000044 ], [ 81.523770244000048, 16.546792944000089 ], [ 81.526417204000069, 16.54719750500011 ], [ 81.528212188000097, 16.548015631000087 ], [ 81.530773331000034, 16.548338433000048 ], [ 81.531878856000077, 16.547677004000054 ], [ 81.532229644000054, 16.547415879000063 ] ] ] ] } },
{ "type": "Feature", "properties": { "objectid": 8831, "dname": "WEST GODAVARI", "dmname": "BHIMAVARAM", "dvname": "Kovvada", "dcode": "05", "mcode": "36", "vcode": "002", "dmv_code": "0536002", "hname": "KOVVADAPUNTHA", "district": 546.0, "subdistt": 4984.0, "town_villa": 588728.0, "ward": 0.0, "eb": 0.0, "level": "VILLAGE", "name": "Kovvada", "tru": "Rural", "no_hh": 819.0, "tot_p": 2861.0, "tot_m": 1395.0, "tot_f": 1466.0, "p_06": 322.0, "m_06": 165.0, "f_06": 157.0, "p_sc": 216.0, "m_sc": 114.0, "f_sc": 102.0, "p_st": 5.0, "m_st": 3.0, "f_st": 2.0, "p_lit": 1784.0, "m_lit": 905.0, "f_lit": 879.0, "p_ill": 1077.0, "m_ill": 490.0, "f_ill": 587.0, "tot_work_p": 1264.0, "tot_work_m": 872.0, "tot_work_f": 392.0, "mainwork_p": 1186.0, "mainwork_m": 848.0, "mainwork_f": 338.0, "main_cl_p": 69.0, "main_cl_m": 65.0, "main_cl_f": 4.0, "main_al_p": 711.0, "main_al_m": 438.0, "main_al_f": 273.0, "main_hh_p": 3.0, "main_hh_m": 3.0, "main_hh_f": 0.0, "main_ot_p": 403.0, "main_ot_m": 342.0, "main_ot_f": 61.0, "margwork_p": 78.0, "margwork_m": 24.0, "margwork_f": 54.0, "marg_cl_p": 15.0, "marg_cl_m": 9.0, "marg_cl_f": 6.0, "marg_al_p": 43.0, "marg_al_m": 4.0, "marg_al_f": 39.0, "marg_hh_p": 0.0, "marg_hh_m": 0.0, "marg_hh_f": 0.0, "marg_ot_p": 20.0, "marg_ot_m": 11.0, "marg_ot_f": 9.0, "margwork_3": 47.0, "margwork_4": 19.0, "margwork_5": 28.0, "marg_cl_3_": 15.0, "marg_cl_31": 9.0, "marg_cl_32": 6.0, "marg_al_3_": 23.0, "marg_al_31": 2.0, "marg_al_32": 21.0, "marg_hh_3_": 0.0, "marg_hh_31": 0.0, "marg_hh_32": 0.0, "marg_ot_3_": 9.0, "marg_ot_31": 8.0, "marg_ot_32": 1.0, "margwork_0": 31.0, "margwork_1": 5.0, "margwork_2": 26.0, "marg_cl_0_": 0.0, "marg_cl_01": 0.0, "marg_cl_02": 0.0, "marg_al_0_": 20.0, "marg_al_01": 2.0, "marg_al_02": 18.0, "marg_hh_0_": 0.0, "marg_hh_01": 0.0, "marg_hh_02": 0.0, "marg_ot_0_": 11.0, "marg_ot_01": 3.0, "marg_ot_02": 8.0, "non_work_p": 1597.0, "non_work_m": 523.0, "non_work_f": 1074.0, "source_table": "villagewise_population", "created_at": "2026-02-20T19:03:55", "district_28_legacy": "West Godavari", "district_code_28_legacy": "10", "district_name": "West Godavari", "district_lgd": 523, "SHAPE__Length": 9094.7608897260507, "SHAPE__Area": 2336914.99199301 }, "geometry": { "type": "MultiPolygon", "coordinates": [ [ [ [ 81.524280745000098, 16.569429941000116 ], [ 81.525578806000084, 16.569877075000019 ], [ 81.526510415000089, 16.570137054000156 ], [ 81.526510491000124, 16.570137072000026 ], [ 81.527296566000089, 16.570324606000117 ], [ 81.527296467000014, 16.570324379000095 ], [ 81.526922107000061, 16.569467068000161 ], [ 81.526806797000091, 16.568984092000036 ], [ 81.52658529300011, 16.56864842000013 ], [ 81.526286858000077, 16.568090821000091 ], [ 81.525835216000061, 16.567643924000091 ], [ 81.525353216000028, 16.567233299000051 ], [ 81.524910519000102, 16.567009666000079 ], [ 81.524345658000087, 16.566711221000116 ], [ 81.523564505000124, 16.56551969900007 ], [ 81.5234888640001, 16.565332816000062 ], [ 81.523343450000112, 16.564960728000056 ], [ 81.522967775000069, 16.564438974000097 ], [ 81.52270747700004, 16.564066671000074 ], [ 81.52251659000008, 16.563768776000057 ], [ 81.522486187000098, 16.563434777000097 ], [ 81.52229468600008, 16.562949769000063 ], [ 81.52024832000005, 16.562725358 ], [ 81.519690070000081, 16.562650739000045 ], [ 81.518498867000062, 16.562239990000052 ], [ 81.518346311000116, 16.561831176000048 ], [ 81.518084931000018, 16.561123083000098 ], [ 81.517748775000058, 16.560490966000074 ], [ 81.517340953000016, 16.558368370000114 ], [ 81.517111113000055, 16.557623435000107 ], [ 81.51726205500006, 16.556096669000077 ], [ 81.517337726000093, 16.555575233000102 ], [ 81.517404951000046, 16.554979769000052 ], [ 81.517181182000058, 16.552857179000107 ], [ 81.516880295000092, 16.550808875000101 ], [ 81.516139456000062, 16.550808288000148 ], [ 81.515651735000048, 16.551144418999986 ], [ 81.513308237000061, 16.551068382000157 ], [ 81.512826304000058, 16.550657727000111 ], [ 81.512414530000058, 16.550919002000118 ], [ 81.510215195000086, 16.550471660000049 ], [ 81.509551361000035, 16.550358325000101 ], [ 81.509552870000036, 16.55192194100006 ], [ 81.509438856000088, 16.55255541800005 ], [ 81.509219722000083, 16.553671976000011 ], [ 81.509441297000095, 16.554044412000117 ], [ 81.509853707000062, 16.554342222000066 ], [ 81.509854789000059, 16.554678572000054 ], [ 81.509702184000048, 16.554976377000074 ], [ 81.509626491000105, 16.555497244000083 ], [ 81.509626994000016, 16.556018449000135 ], [ 81.509483574000029, 16.556986106000075 ], [ 81.510300993000072, 16.557098982000184 ], [ 81.510674221000031, 16.556875701000042 ], [ 81.51123250800002, 16.557695409000104 ], [ 81.511790020000078, 16.557546759000044 ], [ 81.512049416000082, 16.557285377 ], [ 81.514249588000084, 16.558328523000124 ], [ 81.514547257000061, 16.558664545000116 ], [ 81.514623969000112, 16.55918552000011 ], [ 81.514365539000053, 16.559744814000108 ], [ 81.514396775000066, 16.560340546000038 ], [ 81.514810530000048, 16.56104705400007 ], [ 81.514550801000041, 16.561567912000115 ], [ 81.513880416000063, 16.561978077000099 ], [ 81.513246571000124, 16.562088522000064 ], [ 81.512314733000039, 16.562126371000058 ], [ 81.511124630000097, 16.562051364000098 ], [ 81.509673827000086, 16.562199294000148 ], [ 81.509116777000045, 16.562496611000064 ], [ 81.509006051000156, 16.565251078000035 ], [ 81.508941880000066, 16.568996373000118 ], [ 81.509606997000063, 16.569124970000086 ], [ 81.510278160000027, 16.569310075 ], [ 81.5109131050001, 16.569533728000042 ], [ 81.511509038000042, 16.570019229000042 ], [ 81.512105088000112, 16.570540341000054 ], [ 81.512517056, 16.570689474000023 ], [ 81.513074962000076, 16.570651618000106 ], [ 81.514486173000066, 16.570205873000088 ], [ 81.5169820200001, 16.569834851000095 ], [ 81.517393833000057, 16.569575264000026 ], [ 81.519814925000077, 16.56965102100007 ], [ 81.522715323000071, 16.56931601200014 ], [ 81.523493257000013, 16.569167789000012 ], [ 81.524280221000112, 16.569429767000035 ], [ 81.524280745000098, 16.569429941000116 ] ] ] ] } },
{ "type": "Feature", "properties": { "objectid": 8833, "dname": "WEST GODAVARI", "dmname": "BHIMAVARAM", "dvname": "Bhimavaram (Rural)", "dcode": " ", "mcode": " ", "vcode": " ", "dmv_code": " ", "hname": " ", "district": 0.0, "subdistt": 0.0, "town_villa": 0.0, "ward": 0.0, "eb": 0.0, "level": " ", "name": " ", "tru": " ", "no_hh": 0.0, "tot_p": 0.0, "tot_m": 0.0, "tot_f": 0.0, "p_06": 0.0, "m_06": 0.0, "f_06": 0.0, "p_sc": 0.0, "m_sc": 0.0, "f_sc": 0.0, "p_st": 0.0, "m_st": 0.0, "f_st": 0.0, "p_lit": 0.0, "m_lit": 0.0, "f_lit": 0.0, "p_ill": 0.0, "m_ill": 0.0, "f_ill": 0.0, "tot_work_p": 0.0, "tot_work_m": 0.0, "tot_work_f": 0.0, "mainwork_p": 0.0, "mainwork_m": 0.0, "mainwork_f": 0.0, "main_cl_p": 0.0, "main_cl_m": 0.0, "main_cl_f": 0.0, "main_al_p": 0.0, "main_al_m": 0.0, "main_al_f": 0.0, "main_hh_p": 0.0, "main_hh_m": 0.0, "main_hh_f": 0.0, "main_ot_p": 0.0, "main_ot_m": 0.0, "main_ot_f": 0.0, "margwork_p": 0.0, "margwork_m": 0.0, "margwork_f": 0.0, "marg_cl_p": 0.0, "marg_cl_m": 0.0, "marg_cl_f": 0.0, "marg_al_p": 0.0, "marg_al_m": 0.0, "marg_al_f": 0.0, "marg_hh_p": 0.0, "marg_hh_m": 0.0, "marg_hh_f": 0.0, "marg_ot_p": 0.0, "marg_ot_m": 0.0, "marg_ot_f": 0.0, "margwork_3": 0.0, "margwork_4": 0.0, "margwork_5": 0.0, "marg_cl_3_": 0.0, "marg_cl_31": 0.0, "marg_cl_32": 0.0, "marg_al_3_": 0.0, "marg_al_31": 0.0, "marg_al_32": 0.0, "marg_hh_3_": 0.0, "marg_hh_31": 0.0, "marg_hh_32": 0.0, "marg_ot_3_": 0.0, "marg_ot_31": 0.0, "marg_ot_32": 0.0, "margwork_0": 0.0, "margwork_1": 0.0, "margwork_2": 0.0, "marg_cl_0_": 0.0, "marg_cl_01": 0.0, "marg_cl_02": 0.0, "marg_al_0_": 0.0, "marg_al_01": 0.0, "marg_al_02": 0.0, "marg_hh_0_": 0.0, "marg_hh_01": 0.0, "marg_hh_02": 0.0, "marg_ot_0_": 0.0, "marg_ot_01": 0.0, "marg_ot_02": 0.0, "non_work_p": 0.0, "non_work_m": 0.0, "non_work_f": 0.0, "source_table": "villagewise_population", "created_at": "2026-02-20T19:03:55", "district_28_legacy": "West Godavari", "district_code_28_legacy": "10", "district_name": "West Godavari", "district_lgd": 523, "SHAPE__Length": 28456.276424917491, "SHAPE__Area": 11208214.030814299 }, "geometry": { "type": "MultiPolygon", "coordinates": [ [ [ [ 81.528663811000058, 16.570418762000088 ], [ 81.52912171100013, 16.570399844000129 ], [ 81.529122128000054, 16.57039982600002 ], [ 81.529861679000064, 16.569989965000019 ], [ 81.530116740000039, 16.569693882000045 ], [ 81.530341654000082, 16.569432795000026 ], [ 81.530791761000117, 16.569060569000094 ], [ 81.530889977000072, 16.569007279000058 ], [ 81.53127271700005, 16.568799610000113 ], [ 81.531658633000106, 16.568640701000128 ], [ 81.531722271, 16.568614497 ], [ 81.531807121000071, 16.568581546000143 ], [ 81.532394311000104, 16.568353510000062 ], [ 81.532375108000039, 16.568081435000099 ], [ 81.532354940000076, 16.567795682000142 ], [ 81.532290355000043, 16.567578833000077 ], [ 81.532133239000046, 16.567051305000096 ], [ 81.53198712700005, 16.566542800000015 ], [ 81.531833171000073, 16.566006996000119 ], [ 81.531780757000064, 16.565801746000048 ], [ 81.531757153000058, 16.565709318000078 ], [ 81.531756921000039, 16.565709248000108 ], [ 81.531268095000016, 16.565559991000121 ], [ 81.531267808000067, 16.565559897000071 ], [ 81.530710471000106, 16.565410685000092 ], [ 81.530252479000097, 16.565410604000071 ], [ 81.530191372000104, 16.565410593 ], [ 81.530191143000124, 16.565410593 ], [ 81.529557422000039, 16.56555896100005 ], [ 81.529528125000041, 16.566066512000045 ], [ 81.529520837000049, 16.566192774000058 ], [ 81.529520688000034, 16.566192793000067 ], [ 81.528436546000066, 16.566327914000048 ], [ 81.528330269000065, 16.566341152000049 ], [ 81.528169445000117, 16.566341113000064 ], [ 81.527993819000088, 16.566341064000049 ], [ 81.527924594000126, 16.565968745000145 ], [ 81.527625236000048, 16.56477745000009 ], [ 81.527510256000099, 16.564357432000101 ], [ 81.527472162000052, 16.564218274000048 ], [ 81.527547792000092, 16.56369695700009 ], [ 81.527547809000112, 16.563696836000062 ], [ 81.527951511000083, 16.563473997000134 ], [ 81.528699489000047, 16.563138168000101 ], [ 81.529141627000058, 16.562840589000086 ], [ 81.529034258000095, 16.561930848000056 ], [ 81.52895710500006, 16.561277119000117 ], [ 81.528957088000126, 16.561276974000126 ], [ 81.529186852000066, 16.561178334000065 ], [ 81.529475666000053, 16.561054343000031 ], [ 81.529620651000116, 16.561114443000065 ], [ 81.529926438000061, 16.561241198000086 ], [ 81.530224196000077, 16.561241409000104 ], [ 81.530483142000037, 16.561203300000077 ], [ 81.530894730000043, 16.560533844000108 ], [ 81.530665026000094, 16.560199331000014 ], [ 81.530740666000071, 16.559678457000054 ], [ 81.531152802000065, 16.559527944 ], [ 81.53115293500008, 16.559527964 ], [ 81.531633679000052, 16.559602772000069 ], [ 81.531991632000128, 16.55960275200005 ], [ 81.532191675000021, 16.559602741000127 ], [ 81.532307281000087, 16.559602907000041 ], [ 81.532565629000032, 16.559603278000157 ], [ 81.53297760500007, 16.559082046000075 ], [ 81.532977700000089, 16.559081925000044 ], [ 81.533495592000079, 16.559007961000098 ], [ 81.534052842000094, 16.558784633000055 ], [ 81.534503300000068, 16.558561694000087 ], [ 81.534503416000092, 16.558561636000068 ], [ 81.534520913000065, 16.558324396000092 ], [ 81.534607711000078, 16.557147497000155 ], [ 81.53460816500008, 16.557061718000032 ], [ 81.534608427000094, 16.557012495000087 ], [ 81.534608430000077, 16.557011823000103 ], [ 81.534607142000098, 16.55662629200004 ], [ 81.534798394000077, 16.556328350000108 ], [ 81.535355387000024, 16.556030966000051 ], [ 81.535796678000068, 16.555138114000098 ], [ 81.535647762000039, 16.551972896000017 ], [ 81.535272579000093, 16.551600400000058 ], [ 81.533333536000072, 16.551189232000112 ], [ 81.5321417010001, 16.55092893000009 ], [ 81.532033229000049, 16.550035526000052 ], [ 81.532108545000071, 16.549067498000028 ], [ 81.532229644000054, 16.547415879000063 ], [ 81.531878856000077, 16.547677004000054 ], [ 81.530773331000034, 16.548338433000048 ], [ 81.528212188000097, 16.548015631000087 ], [ 81.526417204000069, 16.54719750500011 ], [ 81.523770244000048, 16.546792944000089 ], [ 81.521297490000052, 16.546963861000044 ], [ 81.519339122000105, 16.547791764000142 ], [ 81.517378596000071, 16.547961079000068 ], [ 81.51643583200007, 16.547140853000101 ], [ 81.514978434000085, 16.545581065000079 ], [ 81.512669696000032, 16.5442702990001 ], [ 81.510957880000063, 16.543040253000107 ], [ 81.511635186000063, 16.541886138000059 ], [ 81.516160539000069, 16.542862356000132 ], [ 81.517524658000042, 16.542776827000019 ], [ 81.518714690000095, 16.541786204000054 ], [ 81.520906781000093, 16.536102218000099 ], [ 81.523109737000098, 16.533051914000129 ], [ 81.524304642000047, 16.533213330000084 ], [ 81.526018985000078, 16.534854802000023 ], [ 81.528154395000072, 16.535507383000073 ], [ 81.529776786000099, 16.535914488000131 ], [ 81.529901090000067, 16.535932194000107 ], [ 81.530112097000128, 16.534880081000026 ], [ 81.530310619000048, 16.534657869000018 ], [ 81.530409879000061, 16.534546198000118 ], [ 81.530600374000073, 16.534024966000146 ], [ 81.530108938000041, 16.53216155100009 ], [ 81.529884811000059, 16.529964347000035 ], [ 81.529989807000049, 16.529109285000043 ], [ 81.529958157000095, 16.527694995000118 ], [ 81.529209941000076, 16.527917771 ], [ 81.528872381000028, 16.527209356000121 ], [ 81.528495661000079, 16.524937999000031 ], [ 81.527751488000035, 16.521772329000051 ], [ 81.527189685000039, 16.518458551000066 ], [ 81.527112462000048, 16.517788338000081 ], [ 81.527332497000032, 16.517341636000047 ], [ 81.527483582000116, 16.515891167000017 ], [ 81.527483278000034, 16.515444578000025 ], [ 81.527704229000022, 16.514921557000044 ], [ 81.527626206000065, 16.514363842000069 ], [ 81.527182763000013, 16.513879044000074 ], [ 81.52721990600007, 16.51306036900008 ], [ 81.527479783000075, 16.512613545000026 ], [ 81.527662062000076, 16.512092339000095 ], [ 81.527996639000023, 16.51119925900009 ], [ 81.528217098000084, 16.510529259000091 ], [ 81.528216547000056, 16.510008616000057 ], [ 81.527847753000103, 16.508704462000061 ], [ 81.527548786000082, 16.507959745000072 ], [ 81.527136446000043, 16.507661966000043 ], [ 81.526617213000094, 16.507289330000084 ], [ 81.52586913500005, 16.507176304000126 ], [ 81.524975743000084, 16.507065416000085 ], [ 81.523302878000052, 16.506915641000045 ], [ 81.519989845000055, 16.506578075000139 ], [ 81.517935299000044, 16.506540783000034 ], [ 81.517340637000046, 16.506391648000136 ], [ 81.515025757000046, 16.505580647000016 ], [ 81.514674924000118, 16.505811784000066 ], [ 81.514179639000048, 16.506311876000083 ], [ 81.51360742500006, 16.506580423000134 ], [ 81.513294775000091, 16.507385792000033 ], [ 81.513221788000109, 16.509460680000092 ], [ 81.513262032000043, 16.51103380200005 ], [ 81.513224171000033, 16.511648401000105 ], [ 81.513377646000095, 16.511993906000093 ], [ 81.513530133000074, 16.512034149000083 ], [ 81.514034703000064, 16.512225399000105 ], [ 81.514034896000098, 16.512647115000096 ], [ 81.513999026000135, 16.513876195000055 ], [ 81.51384643500009, 16.514529015000079 ], [ 81.513771766000048, 16.515720336000175 ], [ 81.513773275000077, 16.516911426000085 ], [ 81.514789126000053, 16.517186495000043 ], [ 81.515529998, 16.517597497000047 ], [ 81.515607781000071, 16.518452567000093 ], [ 81.515909975000056, 16.521283825000129 ], [ 81.51640208200007, 16.524485347000105 ], [ 81.516588706000064, 16.527092525000054 ], [ 81.51685280500007, 16.529734517000126 ], [ 81.517047686000055, 16.532714767000115 ], [ 81.516898445000038, 16.535841340000079 ], [ 81.517015128000111, 16.53748092800004 ], [ 81.514663341000059, 16.537329180000022 ], [ 81.511387924000076, 16.537178483000069 ], [ 81.511503664000074, 16.537812404000064 ], [ 81.511543120000084, 16.538780082000081 ], [ 81.511581589000073, 16.539077881000015 ], [ 81.509604400000029, 16.538779105000053 ], [ 81.506222060000141, 16.538554028000046 ], [ 81.504244546000066, 16.53851693800009 ], [ 81.504169451000053, 16.539595756000033 ], [ 81.504211631000061, 16.542164926000044 ], [ 81.504105350000074, 16.543021672000069 ], [ 81.504366564000051, 16.54443641100011 ], [ 81.504291099000056, 16.545031897000083 ], [ 81.504032645000038, 16.545219213000067 ], [ 81.502544226000069, 16.545665119000081 ], [ 81.502286527000095, 16.547197846000088 ], [ 81.502265869000055, 16.547323544000125 ], [ 81.502134732000101, 16.548121431000087 ], [ 81.501542838000034, 16.550726953000094 ], [ 81.50128653200008, 16.553072575000098 ], [ 81.500913910000051, 16.55422745200012 ], [ 81.500913969000052, 16.554227484000048 ], [ 81.502220847000046, 16.55493417500011 ], [ 81.502556107000046, 16.554934315000082 ], [ 81.503854369000123, 16.555122108000081 ], [ 81.504862862000039, 16.555605841000048 ], [ 81.505572665000059, 16.55579310800011 ], [ 81.505908959000081, 16.555382832000149 ], [ 81.506244219000081, 16.555382965000089 ], [ 81.507320457000048, 16.555421594000094 ], [ 81.507695118000058, 16.555645466000097 ], [ 81.508359560000031, 16.555943093000042 ], [ 81.508924843000059, 16.556390254000153 ], [ 81.509483574000029, 16.556986106000075 ], [ 81.509626994000016, 16.556018449000135 ], [ 81.509626491000105, 16.555497244000083 ], [ 81.509702184000048, 16.554976377000074 ], [ 81.509854789000059, 16.554678572000054 ], [ 81.509853707000062, 16.554342222000066 ], [ 81.509441297000095, 16.554044412000117 ], [ 81.509219722000083, 16.553671976000011 ], [ 81.509438856000088, 16.55255541800005 ], [ 81.509552870000036, 16.55192194100006 ], [ 81.509551361000035, 16.550358325000101 ], [ 81.510215195000086, 16.550471660000049 ], [ 81.512414530000058, 16.550919002000118 ], [ 81.512826304000058, 16.550657727000111 ], [ 81.513308237000061, 16.551068382000157 ], [ 81.515651735000048, 16.551144418999986 ], [ 81.516139456000062, 16.550808288000148 ], [ 81.516880295000092, 16.550808875000101 ], [ 81.517181182000058, 16.552857179000107 ], [ 81.517404951000046, 16.554979769000052 ], [ 81.517337726000093, 16.555575233000102 ], [ 81.51726205500006, 16.556096669000077 ], [ 81.517111113000055, 16.557623435000107 ], [ 81.517340953000016, 16.558368370000114 ], [ 81.517748775000058, 16.560490966000074 ], [ 81.518084931000018, 16.561123083000098 ], [ 81.518346311000116, 16.561831176000048 ], [ 81.518498867000062, 16.562239990000052 ], [ 81.519690070000081, 16.562650739000045 ], [ 81.52024832000005, 16.562725358 ], [ 81.52229468600008, 16.562949769000063 ], [ 81.522486187000098, 16.563434777000097 ], [ 81.52251659000008, 16.563768776000057 ], [ 81.52270747700004, 16.564066671000074 ], [ 81.522967775000069, 16.564438974000097 ], [ 81.523343450000112, 16.564960728000056 ], [ 81.5234888640001, 16.565332816000062 ], [ 81.523564505000124, 16.56551969900007 ], [ 81.524345658000087, 16.566711221000116 ], [ 81.524910519000102, 16.567009666000079 ], [ 81.525353216000028, 16.567233299000051 ], [ 81.525835216000061, 16.567643924000091 ], [ 81.526286858000077, 16.568090821000091 ], [ 81.52658529300011, 16.56864842000013 ], [ 81.526806797000091, 16.568984092000036 ], [ 81.526922107000061, 16.569467068000161 ], [ 81.527296467000014, 16.570324379000095 ], [ 81.527296566000089, 16.570324606000117 ], [ 81.528228934000083, 16.570435929000027 ], [ 81.528663811000058, 16.570418762000088 ] ] ] ] } },
{ "type": "Feature", "properties": { "objectid": 8835, "dname": "WEST GODAVARI", "dmname": "BHIMAVARAM", "dvname": "Gunupudi", "dcode": " ", "mcode": " ", "vcode": " ", "dmv_code": " ", "hname": " ", "district": 0.0, "subdistt": 0.0, "town_villa": 0.0, "ward": 0.0, "eb": 0.0, "level": " ", "name": " ", "tru": " ", "no_hh": 0.0, "tot_p": 0.0, "tot_m": 0.0, "tot_f": 0.0, "p_06": 0.0, "m_06": 0.0, "f_06": 0.0, "p_sc": 0.0, "m_sc": 0.0, "f_sc": 0.0, "p_st": 0.0, "m_st": 0.0, "f_st": 0.0, "p_lit": 0.0, "m_lit": 0.0, "f_lit": 0.0, "p_ill": 0.0, "m_ill": 0.0, "f_ill": 0.0, "tot_work_p": 0.0, "tot_work_m": 0.0, "tot_work_f": 0.0, "mainwork_p": 0.0, "mainwork_m": 0.0, "mainwork_f": 0.0, "main_cl_p": 0.0, "main_cl_m": 0.0, "main_cl_f": 0.0, "main_al_p": 0.0, "main_al_m": 0.0, "main_al_f": 0.0, "main_hh_p": 0.0, "main_hh_m": 0.0, "main_hh_f": 0.0, "main_ot_p": 0.0, "main_ot_m": 0.0, "main_ot_f": 0.0, "margwork_p": 0.0, "margwork_m": 0.0, "margwork_f": 0.0, "marg_cl_p": 0.0, "marg_cl_m": 0.0, "marg_cl_f": 0.0, "marg_al_p": 0.0, "marg_al_m": 0.0, "marg_al_f": 0.0, "marg_hh_p": 0.0, "marg_hh_m": 0.0, "marg_hh_f": 0.0, "marg_ot_p": 0.0, "marg_ot_m": 0.0, "marg_ot_f": 0.0, "margwork_3": 0.0, "margwork_4": 0.0, "margwork_5": 0.0, "marg_cl_3_": 0.0, "marg_cl_31": 0.0, "marg_cl_32": 0.0, "marg_al_3_": 0.0, "marg_al_31": 0.0, "marg_al_32": 0.0, "marg_hh_3_": 0.0, "marg_hh_31": 0.0, "marg_hh_32": 0.0, "marg_ot_3_": 0.0, "marg_ot_31": 0.0, "marg_ot_32": 0.0, "margwork_0": 0.0, "margwork_1": 0.0, "margwork_2": 0.0, "marg_cl_0_": 0.0, "marg_cl_01": 0.0, "marg_cl_02": 0.0, "marg_al_0_": 0.0, "marg_al_01": 0.0, "marg_al_02": 0.0, "marg_hh_0_": 0.0, "marg_hh_01": 0.0, "marg_hh_02": 0.0, "marg_ot_0_": 0.0, "marg_ot_01": 0.0, "marg_ot_02": 0.0, "non_work_p": 0.0, "non_work_m": 0.0, "non_work_f": 0.0, "source_table": "villagewise_population", "created_at": "2026-02-20T19:03:55", "district_28_legacy": "West Godavari", "district_code_28_legacy": "10", "district_name": "West Godavari", "district_lgd": 523, "SHAPE__Length": 17168.66696123566, "SHAPE__Area": 8310951.6994131403 }, "geometry": { "type": "MultiPolygon", "coordinates": [ [ [ [ 81.558082876000157, 16.526236591000082 ], [ 81.557980474000033, 16.525772806000141 ], [ 81.557721700000073, 16.525845433000011 ], [ 81.557164054000097, 16.525919585000064 ], [ 81.554705962000071, 16.526180164000049 ], [ 81.551881386000105, 16.526550987000171 ], [ 81.551133605000089, 16.52655054500012 ], [ 81.550462264000046, 16.526624476000148 ], [ 81.549866984000104, 16.526662550000051 ], [ 81.549202421000047, 16.526662401000063 ], [ 81.547338989000067, 16.526363615 ], [ 81.546293121000119, 16.526250474000133 ], [ 81.545514362000048, 16.526100870000111 ], [ 81.545063280000079, 16.525803249000045 ], [ 81.544428849000056, 16.525355836000099 ], [ 81.544398287000064, 16.524983962000068 ], [ 81.544397561000011, 16.524424314000044 ], [ 81.544396340000077, 16.523718254000133 ], [ 81.544462910000121, 16.522265779000083 ], [ 81.54446260000006, 16.521482835000029 ], [ 81.544240368000033, 16.520925581000039 ], [ 81.543606923000127, 16.521110171000071 ], [ 81.54308821400015, 16.5212587840001 ], [ 81.542606760000041, 16.521333224000013 ], [ 81.540445858000083, 16.520736267000057 ], [ 81.539024772000047, 16.520214421000034 ], [ 81.538062379000067, 16.519469534000034 ], [ 81.537725931000097, 16.519097485000049 ], [ 81.53719756600006, 16.518463167000107 ], [ 81.536419096000046, 16.51838871400011 ], [ 81.536005851000098, 16.517830916000097 ], [ 81.535676542000076, 16.516788391 ], [ 81.535484060000073, 16.516006044000068 ], [ 81.53570537300007, 16.515597205000162 ], [ 81.536002612000075, 16.515112944000133 ], [ 81.535970941000059, 16.514404717000076 ], [ 81.535855762000054, 16.513957920000095 ], [ 81.535480577000044, 16.513212886000105 ], [ 81.535105893000051, 16.512617091000102 ], [ 81.534662194000063, 16.512059950000037 ], [ 81.534325139000075, 16.511500215000147 ], [ 81.533653595000018, 16.511500040000026 ], [ 81.532913152000035, 16.511574131000085 ], [ 81.532615469000035, 16.511573923000132 ], [ 81.531722917000067, 16.511722536000043 ], [ 81.530974021000091, 16.511722026000026 ], [ 81.530493261000089, 16.511647196000144 ], [ 81.52996605500006, 16.511349212000123 ], [ 81.529370996000054, 16.511087617000047 ], [ 81.528217098000084, 16.510529259000091 ], [ 81.527996639000023, 16.51119925900009 ], [ 81.527662062000076, 16.512092339000095 ], [ 81.527479783000075, 16.512613545000026 ], [ 81.52721990600007, 16.51306036900008 ], [ 81.527182763000013, 16.513879044000074 ], [ 81.527626206000065, 16.514363842000069 ], [ 81.527704229000022, 16.514921557000044 ], [ 81.527483278000034, 16.515444578000025 ], [ 81.527483582000116, 16.515891167000017 ], [ 81.527332497000032, 16.517341636000047 ], [ 81.527112462000048, 16.517788338000081 ], [ 81.527189685000039, 16.518458551000066 ], [ 81.527751488000035, 16.521772329000051 ], [ 81.528495661000079, 16.524937999000031 ], [ 81.528872381000028, 16.527209356000121 ], [ 81.529209941000076, 16.527917771 ], [ 81.529958157000095, 16.527694995000118 ], [ 81.529989807000049, 16.529109285000043 ], [ 81.529884811000059, 16.529964347000035 ], [ 81.530108938000041, 16.53216155100009 ], [ 81.530600374000073, 16.534024966000146 ], [ 81.530409879000061, 16.534546198000118 ], [ 81.530310619000048, 16.534657869000018 ], [ 81.532672130000037, 16.534919647000091 ], [ 81.536510502000084, 16.534827443000083 ], [ 81.538386766000031, 16.534740183000096 ], [ 81.538988137000089, 16.535808419000094 ], [ 81.538653546000049, 16.537043520000076 ], [ 81.538325376000031, 16.539842225000054 ], [ 81.537146698000072, 16.543137092000087 ], [ 81.534769339, 16.545530068000105 ], [ 81.532229644000054, 16.547415879000063 ], [ 81.532108545000071, 16.549067498000028 ], [ 81.532033229000049, 16.550035526000052 ], [ 81.5321417010001, 16.55092893000009 ], [ 81.533333536000072, 16.551189232000112 ], [ 81.535272579000093, 16.551600400000058 ], [ 81.535647762000039, 16.551972896000017 ], [ 81.535796678000068, 16.555138114000098 ], [ 81.535355387000024, 16.556030966000051 ], [ 81.534798394000077, 16.556328350000108 ], [ 81.534607142000098, 16.55662629200004 ], [ 81.534608430000077, 16.557011823000103 ], [ 81.534615468000098, 16.557020253000136 ], [ 81.534615492000086, 16.557020280000039 ], [ 81.540270495000129, 16.553913829000106 ], [ 81.543638259000033, 16.550783917000114 ], [ 81.54429030300011, 16.550479577000011 ], [ 81.545442947000112, 16.549941578000123 ], [ 81.545868870000021, 16.550138394000104 ], [ 81.547009133000074, 16.550665297000091 ], [ 81.548742400000066, 16.55113852800001 ], [ 81.549659628000015, 16.551388952000018 ], [ 81.551101272000082, 16.548619615000117 ], [ 81.551101345000106, 16.548619477000059 ], [ 81.550372990000113, 16.544042291 ], [ 81.548803786000093, 16.541392058000088 ], [ 81.549881826000018, 16.537177133000061 ], [ 81.551656311000073, 16.536047368000077 ], [ 81.552528574000078, 16.535492012000166 ], [ 81.554330243000038, 16.532120440000025 ], [ 81.556132969000075, 16.529110291000038 ], [ 81.556133096000082, 16.529110076000052 ], [ 81.558082876000157, 16.526236591000082 ] ] ] ] } },
{ "type": "Feature", "properties": { "objectid": 8851, "dname": "WEST GODAVARI", "dmname": "BHIMAVARAM", "dvname": "Chinamiram (Rural)", "dcode": "05", "mcode": "36", "vcode": "004", "dmv_code": "0536004", "hname": "CHINAMIRAM", "district": 546.0, "subdistt": 4984.0, "town_villa": 588729.0, "ward": 0.0, "eb": 0.0, "level": "VILLAGE", "name": "Chinamiram (Part)", "tru": "Rural", "no_hh": 1267.0, "tot_p": 4699.0, "tot_m": 2304.0, "tot_f": 2395.0, "p_06": 439.0, "m_06": 208.0, "f_06": 231.0, "p_sc": 618.0, "m_sc": 298.0, "f_sc": 320.0, "p_st": 25.0, "m_st": 9.0, "f_st": 16.0, "p_lit": 3356.0, "m_lit": 1727.0, "f_lit": 1629.0, "p_ill": 1343.0, "m_ill": 577.0, "f_ill": 766.0, "tot_work_p": 1884.0, "tot_work_m": 1464.0, "tot_work_f": 420.0, "mainwork_p": 1853.0, "mainwork_m": 1445.0, "mainwork_f": 408.0, "main_cl_p": 183.0, "main_cl_m": 177.0, "main_cl_f": 6.0, "main_al_p": 827.0, "main_al_m": 580.0, "main_al_f": 247.0, "main_hh_p": 96.0, "main_hh_m": 76.0, "main_hh_f": 20.0, "main_ot_p": 747.0, "main_ot_m": 612.0, "main_ot_f": 135.0, "margwork_p": 31.0, "margwork_m": 19.0, "margwork_f": 12.0, "marg_cl_p": 2.0, "marg_cl_m": 1.0, "marg_cl_f": 1.0, "marg_al_p": 4.0, "marg_al_m": 2.0, "marg_al_f": 2.0, "marg_hh_p": 5.0, "marg_hh_m": 2.0, "marg_hh_f": 3.0, "marg_ot_p": 20.0, "marg_ot_m": 14.0, "marg_ot_f": 6.0, "margwork_3": 29.0, "margwork_4": 18.0, "margwork_5": 11.0, "marg_cl_3_": 2.0, "marg_cl_31": 1.0, "marg_cl_32": 1.0, "marg_al_3_": 4.0, "marg_al_31": 2.0, "marg_al_32": 2.0, "marg_hh_3_": 5.0, "marg_hh_31": 2.0, "marg_hh_32": 3.0, "marg_ot_3_": 18.0, "marg_ot_31": 13.0, "marg_ot_32": 5.0, "margwork_0": 2.0, "margwork_1": 1.0, "margwork_2": 1.0, "marg_cl_0_": 0.0, "marg_cl_01": 0.0, "marg_cl_02": 0.0, "marg_al_0_": 0.0, "marg_al_01": 0.0, "marg_al_02": 0.0, "marg_hh_0_": 0.0, "marg_hh_01": 0.0, "marg_hh_02": 0.0, "marg_ot_0_": 2.0, "marg_ot_01": 1.0, "marg_ot_02": 1.0, "non_work_p": 2815.0, "non_work_m": 840.0, "non_work_f": 1975.0, "source_table": "villagewise_population", "created_at": "2026-02-20T19:03:55", "district_28_legacy": "West Godavari", "district_code_28_legacy": "10", "district_name": "West Godavari", "district_lgd": 523, "SHAPE__Length": 10559.963916638499, "SHAPE__Area": 5452419.6019850522 }, "geometry": { "type": "MultiPolygon", "coordinates": [ [ [ [ 81.504244546000066, 16.53851693800009 ], [ 81.504244426000056, 16.538479063000107 ], [ 81.50394526500007, 16.537659697000038 ], [ 81.503761689000058, 16.537064413000127 ], [ 81.50350134100006, 16.536653645000019 ], [ 81.503386697000067, 16.536356070000046 ], [ 81.503271330000075, 16.535462670000125 ], [ 81.503048960000115, 16.534830190000061 ], [ 81.502529713000072, 16.534830030000073 ], [ 81.501895597000015, 16.534829643000094 ], [ 81.501300627000063, 16.534606410000059 ], [ 81.501261002000064, 16.534308612000086 ], [ 81.50133682200007, 16.533823360000039 ], [ 81.501297996000076, 16.53266856200004 ], [ 81.500884699000054, 16.532072822000107 ], [ 81.500844955000062, 16.531366877000039 ], [ 81.500544489000063, 16.528648093000076 ], [ 81.500173825000061, 16.525966258000089 ], [ 81.499979104000033, 16.523324041000059 ], [ 81.499528832000081, 16.517700598000104 ], [ 81.499060005000061, 16.515098188000096 ], [ 81.498143135000049, 16.51498160300007 ], [ 81.496616489000104, 16.515129668000128 ], [ 81.493601052000059, 16.515166181000094 ], [ 81.492006777000086, 16.515426906000034 ], [ 81.491555902000101, 16.515537320000046 ], [ 81.490815430000069, 16.515611829000036 ], [ 81.489846647, 16.515759922000022 ], [ 81.48909796800011, 16.515833884000131 ], [ 81.488541498000075, 16.515908418000063 ], [ 81.488098231000038, 16.515827730000044 ], [ 81.488244256000058, 16.51642935700005 ], [ 81.488155898000059, 16.516786359000108 ], [ 81.48802317600007, 16.517322610000047 ], [ 81.487946152000077, 16.517779955000115 ], [ 81.487910397000064, 16.517992255000081 ], [ 81.487881888000047, 16.518224740000107 ], [ 81.487841812000028, 16.518551538000118 ], [ 81.487176410000131, 16.520252766000091 ], [ 81.486982500000096, 16.520748526000034 ], [ 81.486838203000048, 16.521082471000049 ], [ 81.486752780000074, 16.5214997 ], [ 81.48668580100005, 16.521826850000025 ], [ 81.486686815000056, 16.522339959000092 ], [ 81.486687863000029, 16.522870959000098 ], [ 81.48677228600009, 16.523137954000024 ], [ 81.486840553000022, 16.523353853000049 ], [ 81.486986774000073, 16.524396415000069 ], [ 81.487104072000136, 16.525186155000103 ], [ 81.487219001000085, 16.525959938000089 ], [ 81.487741627000091, 16.528567301000106 ], [ 81.48788729400006, 16.529050779000091 ], [ 81.487934062000079, 16.529618465 ], [ 81.487964026000029, 16.529982176000114 ], [ 81.487907429000089, 16.53023227800006 ], [ 81.487820654000075, 16.530615729000036 ], [ 81.487295042000085, 16.531583347000094 ], [ 81.48688102800007, 16.532058435000099 ], [ 81.486776476000045, 16.532178410000046 ], [ 81.486478975000068, 16.532625291 ], [ 81.486361171000098, 16.532821434000066 ], [ 81.486144306000085, 16.533182512000135 ], [ 81.485464469000078, 16.53329539600006 ], [ 81.485250449000048, 16.533330933000148 ], [ 81.485105797000102, 16.533554078000151 ], [ 81.484879578000061, 16.534323456000035 ], [ 81.484810017000029, 16.534560035 ], [ 81.484810914000022, 16.53522991500007 ], [ 81.484810862000089, 16.535291260000104 ], [ 81.484810662000015, 16.53552783 ], [ 81.484514762000089, 16.53649534700007 ], [ 81.48462266600005, 16.537277978000155 ], [ 81.484622654000091, 16.537278035000078 ], [ 81.484478336000052, 16.537986151000034 ], [ 81.484631465000092, 16.538140356000063 ], [ 81.484700560000093, 16.538209937 ], [ 81.484758083000031, 16.538391849000099 ], [ 81.484853257000069, 16.538692831000038 ], [ 81.485181804000092, 16.538805512000131 ], [ 81.485361947000115, 16.538924435000187 ], [ 81.485632826000113, 16.539103259000079 ], [ 81.48581694500011, 16.539512007000113 ], [ 81.485897360000052, 16.53974743100008 ], [ 81.485969533000031, 16.539958722000019 ], [ 81.486787675000102, 16.540331724000055 ], [ 81.487417195000049, 16.540378317999984 ], [ 81.487794781000034, 16.540406265000101 ], [ 81.488145568000064, 16.540463539000058 ], [ 81.48916923600008, 16.540630673000113 ], [ 81.490213946000054, 16.540761489000104 ], [ 81.490360605000077, 16.54077985300011 ], [ 81.491445078000069, 16.540854717000105 ], [ 81.492079090000104, 16.541190924999981 ], [ 81.492074111000079, 16.541274246000146 ], [ 81.492041217000065, 16.541824737000066 ], [ 81.492339637000072, 16.542420827000043 ], [ 81.492622724000086, 16.542843715000018 ], [ 81.492638610000114, 16.542867446000102 ], [ 81.492638764000077, 16.5428676750001 ], [ 81.493176197000111, 16.543056083000099 ], [ 81.493379211000061, 16.543127253 ], [ 81.49359234500011, 16.543233002000086 ], [ 81.493830023000029, 16.543350929000074 ], [ 81.493883937000135, 16.543420128000072 ], [ 81.49423605500003, 16.543872083000089 ], [ 81.494577524000064, 16.543985660000047 ], [ 81.494800458000086, 16.544059811000139 ], [ 81.494905984000042, 16.544201080000057 ], [ 81.495022933000016, 16.544357640000065 ], [ 81.495089915000065, 16.544591384000082 ], [ 81.495129598000076, 16.544729862000111 ], [ 81.495802188000127, 16.545400038000089 ], [ 81.496062062000078, 16.545661577000075 ], [ 81.496092433000086, 16.545681706000103 ], [ 81.496399181000086, 16.54588501500006 ], [ 81.49710858600011, 16.545959817000089 ], [ 81.497704995000092, 16.546258243000064 ], [ 81.498186242000045, 16.546481794000041 ], [ 81.498186296000057, 16.546481819000071 ], [ 81.499117482000017, 16.546631149 ], [ 81.500049021000024, 16.546891272000074 ], [ 81.500866378000069, 16.547017016000044 ], [ 81.501018893000023, 16.547040479000103 ], [ 81.501214035000061, 16.547064705000022 ], [ 81.502286476000052, 16.547197840000081 ], [ 81.502286527000095, 16.547197846000088 ], [ 81.502544226000069, 16.545665119000081 ], [ 81.504032645000038, 16.545219213000067 ], [ 81.504291099000056, 16.545031897000083 ], [ 81.504366564000051, 16.54443641100011 ], [ 81.504105350000074, 16.543021672000069 ], [ 81.504211631000061, 16.542164926000044 ], [ 81.504169451000053, 16.539595756000033 ], [ 81.504244546000066, 16.53851693800009 ] ] ] ] } },
{ "type": "Feature", "properties": { "objectid": 8857, "dname": "WEST GODAVARI", "dmname": "BHIMAVARAM", "dvname": "Rayalam (Rural)", "dcode": "05", "mcode": "36", "vcode": "005", "dmv_code": "0536005", "hname": "BALUSUMUDI", "district": 546.0, "subdistt": 4984.0, "town_villa": 588730.0, "ward": 0.0, "eb": 0.0, "level": "VILLAGE", "name": "Rayalam (R) (Part)", "tru": "Rural", "no_hh": 1648.0, "tot_p": 5863.0, "tot_m": 2956.0, "tot_f": 2907.0, "p_06": 569.0, "m_06": 292.0, "f_06": 277.0, "p_sc": 794.0, "m_sc": 414.0, "f_sc": 380.0, "p_st": 14.0, "m_st": 7.0, "f_st": 7.0, "p_lit": 4276.0, "m_lit": 2222.0, "f_lit": 2054.0, "p_ill": 1587.0, "m_ill": 734.0, "f_ill": 853.0, "tot_work_p": 2485.0, "tot_work_m": 1838.0, "tot_work_f": 647.0, "mainwork_p": 2331.0, "mainwork_m": 1812.0, "mainwork_f": 519.0, "main_cl_p": 191.0, "main_cl_m": 182.0, "main_cl_f": 9.0, "main_al_p": 1007.0, "main_al_m": 689.0, "main_al_f": 318.0, "main_hh_p": 40.0, "main_hh_m": 36.0, "main_hh_f": 4.0, "main_ot_p": 1093.0, "main_ot_m": 905.0, "main_ot_f": 188.0, "margwork_p": 154.0, "margwork_m": 26.0, "margwork_f": 128.0, "marg_cl_p": 1.0, "marg_cl_m": 1.0, "marg_cl_f": 0.0, "marg_al_p": 104.0, "marg_al_m": 15.0, "marg_al_f": 89.0, "marg_hh_p": 11.0, "marg_hh_m": 0.0, "marg_hh_f": 11.0, "marg_ot_p": 38.0, "marg_ot_m": 10.0, "marg_ot_f": 28.0, "margwork_3": 114.0, "margwork_4": 22.0, "margwork_5": 92.0, "marg_cl_3_": 0.0, "marg_cl_31": 0.0, "marg_cl_32": 0.0, "marg_al_3_": 81.0, "marg_al_31": 14.0, "marg_al_32": 67.0, "marg_hh_3_": 7.0, "marg_hh_31": 0.0, "marg_hh_32": 7.0, "marg_ot_3_": 26.0, "marg_ot_31": 8.0, "marg_ot_32": 18.0, "margwork_0": 40.0, "margwork_1": 4.0, "margwork_2": 36.0, "marg_cl_0_": 1.0, "marg_cl_01": 1.0, "marg_cl_02": 0.0, "marg_al_0_": 23.0, "marg_al_01": 1.0, "marg_al_02": 22.0, "marg_hh_0_": 4.0, "marg_hh_01": 0.0, "marg_hh_02": 4.0, "marg_ot_0_": 12.0, "marg_ot_01": 2.0, "marg_ot_02": 10.0, "non_work_p": 3378.0, "non_work_m": 1118.0, "non_work_f": 2260.0, "source_table": "villagewise_population", "created_at": "2026-02-20T19:03:55", "district_28_legacy": "West Godavari", "district_code_28_legacy": "10", "district_name": "West Godavari", "district_lgd": 523, "SHAPE__Length": 8833.3949160858701, "SHAPE__Area": 4518185.9484725306 }, "geometry": { "type": "MultiPolygon", "coordinates": [ [ [ [ 81.513773275000077, 16.516911426000085 ], [ 81.513262328000067, 16.516926530999989 ], [ 81.512781321, 16.51677704100009 ], [ 81.511888491000036, 16.516851517000166 ], [ 81.511063394000047, 16.51685060000008 ], [ 81.509986410000067, 16.516514644000026 ], [ 81.507679978000041, 16.515806989000016 ], [ 81.505259054000078, 16.51520818800001 ], [ 81.504396109000069, 16.515097124000086 ], [ 81.502464406000072, 16.51464947100008 ], [ 81.501708316000105, 16.514601394000088 ], [ 81.500754233000052, 16.514946219000048 ], [ 81.49989246300008, 16.515205407000021 ], [ 81.499060005000061, 16.515098188000096 ], [ 81.499528832000081, 16.517700598000104 ], [ 81.499979104000033, 16.523324041000059 ], [ 81.500173825000061, 16.525966258000089 ], [ 81.500544489000063, 16.528648093000076 ], [ 81.500844955000062, 16.531366877000039 ], [ 81.500884699000054, 16.532072822000107 ], [ 81.501297996000076, 16.53266856200004 ], [ 81.50133682200007, 16.533823360000039 ], [ 81.501261002000064, 16.534308612000086 ], [ 81.501300627000063, 16.534606410000059 ], [ 81.501895597000015, 16.534829643000094 ], [ 81.502529713000072, 16.534830030000073 ], [ 81.503048960000115, 16.534830190000061 ], [ 81.503271330000075, 16.535462670000125 ], [ 81.503386697000067, 16.536356070000046 ], [ 81.50350134100006, 16.536653645000019 ], [ 81.503761689000058, 16.537064413000127 ], [ 81.50394526500007, 16.537659697000038 ], [ 81.504244426000056, 16.538479063000107 ], [ 81.504244546000066, 16.53851693800009 ], [ 81.506222060000141, 16.538554028000046 ], [ 81.509604400000029, 16.538779105000053 ], [ 81.511581589000073, 16.539077881000015 ], [ 81.511543120000084, 16.538780082000081 ], [ 81.511503664000074, 16.537812404000064 ], [ 81.511387924000076, 16.537178483000069 ], [ 81.514663341000059, 16.537329180000022 ], [ 81.517015128000111, 16.53748092800004 ], [ 81.516898445000038, 16.535841340000079 ], [ 81.517047686000055, 16.532714767000115 ], [ 81.51685280500007, 16.529734517000126 ], [ 81.516588706000064, 16.527092525000054 ], [ 81.51640208200007, 16.524485347000105 ], [ 81.515909975000056, 16.521283825000129 ], [ 81.515607781000071, 16.518452567000093 ], [ 81.515529998, 16.517597497000047 ], [ 81.514789126000053, 16.517186495000043 ], [ 81.513773275000077, 16.516911426000085 ] ] ] ] } },
{ "type": "Feature", "properties": { "objectid": 8871, "dname": "WEST GODAVARI", "dmname": "BHIMAVARAM", "dvname": "Taderu", "dcode": "05", "mcode": "36", "vcode": "008", "dmv_code": "0536008", "hname": "HARIJANAWADA", "district": 546.0, "subdistt": 4984.0, "town_villa": 588731.0, "ward": 0.0, "eb": 0.0, "level": "VILLAGE", "name": "Taderu", "tru": "Rural", "no_hh": 1031.0, "tot_p": 3666.0, "tot_m": 1837.0, "tot_f": 1829.0, "p_06": 341.0, "m_06": 161.0, "f_06": 180.0, "p_sc": 282.0, "m_sc": 138.0, "f_sc": 144.0, "p_st": 27.0, "m_st": 11.0, "f_st": 16.0, "p_lit": 2453.0, "m_lit": 1281.0, "f_lit": 1172.0, "p_ill": 1213.0, "m_ill": 556.0, "f_ill": 657.0, "tot_work_p": 1603.0, "tot_work_m": 1155.0, "tot_work_f": 448.0, "mainwork_p": 1411.0, "mainwork_m": 1062.0, "mainwork_f": 349.0, "main_cl_p": 108.0, "main_cl_m": 99.0, "main_cl_f": 9.0, "main_al_p": 1022.0, "main_al_m": 735.0, "main_al_f": 287.0, "main_hh_p": 11.0, "main_hh_m": 11.0, "main_hh_f": 0.0, "main_ot_p": 270.0, "main_ot_m": 217.0, "main_ot_f": 53.0, "margwork_p": 192.0, "margwork_m": 93.0, "margwork_f": 99.0, "marg_cl_p": 2.0, "marg_cl_m": 0.0, "marg_cl_f": 2.0, "marg_al_p": 142.0, "marg_al_m": 83.0, "marg_al_f": 59.0, "marg_hh_p": 12.0, "marg_hh_m": 1.0, "marg_hh_f": 11.0, "marg_ot_p": 36.0, "marg_ot_m": 9.0, "marg_ot_f": 27.0, "margwork_3": 108.0, "margwork_4": 72.0, "margwork_5": 36.0, "marg_cl_3_": 2.0, "marg_cl_31": 0.0, "marg_cl_32": 2.0, "marg_al_3_": 87.0, "marg_al_31": 67.0, "marg_al_32": 20.0, "marg_hh_3_": 6.0, "marg_hh_31": 0.0, "marg_hh_32": 6.0, "marg_ot_3_": 13.0, "marg_ot_31": 5.0, "marg_ot_32": 8.0, "margwork_0": 84.0, "margwork_1": 21.0, "margwork_2": 63.0, "marg_cl_0_": 0.0, "marg_cl_01": 0.0, "marg_cl_02": 0.0, "marg_al_0_": 55.0, "marg_al_01": 16.0, "marg_al_02": 39.0, "marg_hh_0_": 6.0, "marg_hh_01": 1.0, "marg_hh_02": 5.0, "marg_ot_0_": 23.0, "marg_ot_01": 4.0, "marg_ot_02": 19.0, "non_work_p": 2063.0, "non_work_m": 682.0, "non_work_f": 1381.0, "source_table": "villagewise_population", "created_at": "2026-02-20T19:03:55", "district_28_legacy": "West Godavari", "district_code_28_legacy": "10", "district_name": "West Godavari", "district_lgd": 523, "SHAPE__Length": 16661.155427185935, "SHAPE__Area": 9554443.2646748573 }, "geometry": { "type": "MultiPolygon", "coordinates": [ [ [ [ 81.557980474000033, 16.525772806000141 ], [ 81.558247441000105, 16.525696762000077 ], [ 81.558545072000072, 16.525362941000086 ], [ 81.55854516100004, 16.525362839000035 ], [ 81.558549661000043, 16.525241138000066 ], [ 81.558574098000093, 16.524580366000123 ], [ 81.558505088000075, 16.524282673000101 ], [ 81.558504197000033, 16.523686846000064 ], [ 81.558351345000077, 16.523204002000089 ], [ 81.558627949000126, 16.523160158000127 ], [ 81.559061203000084, 16.523091482000119 ], [ 81.559839443000087, 16.523091798000081 ], [ 81.560549445000063, 16.523017712000037 ], [ 81.560924362000051, 16.5227216410001 ], [ 81.56106841000009, 16.522607886000074 ], [ 81.561215667000113, 16.522507020000031 ], [ 81.561555991000063, 16.522273910000081 ], [ 81.562220539000094, 16.522274020000108 ], [ 81.562999434000048, 16.522212410000058 ], [ 81.563152055000032, 16.522200338000133 ], [ 81.564029343000058, 16.521687409000084 ], [ 81.564235155000105, 16.521567074000099 ], [ 81.564791618000086, 16.521158812000078 ], [ 81.565531434000036, 16.520563402000072 ], [ 81.565665881000086, 16.520384937000046 ], [ 81.565867419000099, 16.520117414 ], [ 81.565744058000064, 16.519116993000068 ], [ 81.565720257000095, 16.518923971000099 ], [ 81.565681642000087, 16.518736548000128 ], [ 81.565490151000034, 16.517807114000071 ], [ 81.565656820000058, 16.517584819000035 ], [ 81.565824957000089, 16.517360564000015 ], [ 81.566227375000068, 16.517160750000102 ], [ 81.566496524000058, 16.517027108000086 ], [ 81.567107274000094, 16.516778532000142 ], [ 81.567808475000021, 16.516493138000101 ], [ 81.568303976000024, 16.516292552000031 ], [ 81.568876997000075, 16.516060580000051 ], [ 81.570067221000087, 16.515576176 ], [ 81.571517515000039, 16.515391650000058 ], [ 81.571705576000056, 16.51530469000004 ], [ 81.572082663000046, 16.515130323000118 ], [ 81.572335167000077, 16.514900834000088 ], [ 81.572409773000089, 16.514833028000123 ], [ 81.57242782700007, 16.51464 ], [ 81.572448171000062, 16.51442249100004 ], [ 81.572271963000077, 16.513896880000104 ], [ 81.572148500000111, 16.513528598000061 ], [ 81.570733069000127, 16.511294637000031 ], [ 81.569837901000113, 16.509692669000117 ], [ 81.568907233000061, 16.509990239000047 ], [ 81.568571138000095, 16.510064262000082 ], [ 81.567084172000108, 16.510807972000016 ], [ 81.566526578000051, 16.511218505000045 ], [ 81.565893972000083, 16.511628151000053 ], [ 81.564740610000115, 16.511589505000178 ], [ 81.564070106000059, 16.512223130000162 ], [ 81.562955414000029, 16.512520140000035 ], [ 81.562658250000084, 16.51233285700005 ], [ 81.562168496000112, 16.512034832000065 ], [ 81.561503468000083, 16.511549692000091 ], [ 81.560572537000013, 16.511102719000061 ], [ 81.560044253000086, 16.51050689800012 ], [ 81.559116664000101, 16.507639272000084 ], [ 81.55900105300006, 16.507081689000135 ], [ 81.558626179000015, 16.506448059000022 ], [ 81.558441951000106, 16.505703580000041 ], [ 81.558103336000059, 16.503693314000024 ], [ 81.557989028000065, 16.503171905000045 ], [ 81.557918607000019, 16.502463804000119 ], [ 81.557764119000055, 16.500489688000059 ], [ 81.557280337000108, 16.498517761000127 ], [ 81.55664697800006, 16.498702956000042 ], [ 81.555822090000078, 16.498740654000063 ], [ 81.55474525700005, 16.498442233000105 ], [ 81.554073755000104, 16.498441557000032 ], [ 81.552401471000096, 16.498104893000068 ], [ 81.551767605000094, 16.498143095000088 ], [ 81.551316575000087, 16.497844921000077 ], [ 81.551056435000078, 16.497508828000022 ], [ 81.55045960700005, 16.496726084000091 ], [ 81.55012332700008, 16.496055571 ], [ 81.549601946000067, 16.494715192000047 ], [ 81.549639887000083, 16.494158245 ], [ 81.549455828000077, 16.493449935000044 ], [ 81.549300136000099, 16.491439635000162 ], [ 81.548855478000078, 16.489912458000131 ], [ 81.54887782000003, 16.489248152000091 ], [ 81.548373442000084, 16.489449872000087 ], [ 81.547869712000079, 16.489497826000054 ], [ 81.547725489000058, 16.48947284400008 ], [ 81.547494107, 16.488285303000108 ], [ 81.547317588000041, 16.487378543999974 ], [ 81.547010677000102, 16.486377793000042 ], [ 81.546659344000034, 16.485751980000096 ], [ 81.545863733000047, 16.484734118000016 ], [ 81.54543557000008, 16.48425665600006 ], [ 81.545289577000048, 16.483708769000081 ], [ 81.545264647000053, 16.482232830000157 ], [ 81.545233332000066, 16.481637660000111 ], [ 81.545172509000068, 16.481670075000075 ], [ 81.544295474000094, 16.482205929000077 ], [ 81.54386737600008, 16.482436794 ], [ 81.544334796000015, 16.483089946000053 ], [ 81.544488302000062, 16.483780832000075 ], [ 81.544718114000062, 16.484512180000024 ], [ 81.544950134000047, 16.486584994000104 ], [ 81.545105345000081, 16.488812944000056 ], [ 81.545106647000097, 16.489542185000076 ], [ 81.544306012000035, 16.49050177700008 ], [ 81.54430718800009, 16.491540242000024 ], [ 81.544072030000066, 16.492000012000123 ], [ 81.543995987000116, 16.492729498000109 ], [ 81.543616163000081, 16.494072732000124 ], [ 81.543464340000156, 16.49457294200003 ], [ 81.542658455000037, 16.497107486000079 ], [ 81.541318159000056, 16.499642009000105 ], [ 81.539634197000083, 16.502099586000039 ], [ 81.538369998000064, 16.504632154000035 ], [ 81.537927698000061, 16.504838177000124 ], [ 81.537516295000046, 16.505171862000115 ], [ 81.53725737300006, 16.505544075000131 ], [ 81.536440853000073, 16.505990387000111 ], [ 81.535845079000097, 16.506213278000082 ], [ 81.535250604000083, 16.506474604000108 ], [ 81.534357771000018, 16.50688270400018 ], [ 81.534098540000059, 16.507516086000123 ], [ 81.534061734000034, 16.508075852000072 ], [ 81.533804125000131, 16.509898630000176 ], [ 81.533842501000095, 16.510160246000037 ], [ 81.534170653000075, 16.510160358000018 ], [ 81.534171838000091, 16.510866420000127 ], [ 81.534325139000075, 16.511500215000147 ], [ 81.534662194000063, 16.512059950000037 ], [ 81.535105893000051, 16.512617091000102 ], [ 81.535480577000044, 16.513212886000105 ], [ 81.535855762000054, 16.513957920000095 ], [ 81.535970941000059, 16.514404717000076 ], [ 81.536002612000075, 16.515112944000133 ], [ 81.53570537300007, 16.515597205000162 ], [ 81.535484060000073, 16.516006044000068 ], [ 81.535676542000076, 16.516788391 ], [ 81.536005851000098, 16.517830916000097 ], [ 81.536419096000046, 16.51838871400011 ], [ 81.53719756600006, 16.518463167000107 ], [ 81.537725931000097, 16.519097485000049 ], [ 81.538062379000067, 16.519469534000034 ], [ 81.539024772000047, 16.520214421000034 ], [ 81.540445858000083, 16.520736267000057 ], [ 81.542606760000041, 16.521333224000013 ], [ 81.54308821400015, 16.5212587840001 ], [ 81.543606923000127, 16.521110171000071 ], [ 81.544240368000033, 16.520925581000039 ], [ 81.54446260000006, 16.521482835000029 ], [ 81.544462910000121, 16.522265779000083 ], [ 81.544396340000077, 16.523718254000133 ], [ 81.544397561000011, 16.524424314000044 ], [ 81.544398287000064, 16.524983962000068 ], [ 81.544428849000056, 16.525355836000099 ], [ 81.545063280000079, 16.525803249000045 ], [ 81.545514362000048, 16.526100870000111 ], [ 81.546293121000119, 16.526250474000133 ], [ 81.547338989000067, 16.526363615 ], [ 81.549202421000047, 16.526662401000063 ], [ 81.549866984000104, 16.526662550000051 ], [ 81.550462264000046, 16.526624476000148 ], [ 81.551133605000089, 16.52655054500012 ], [ 81.551881386000105, 16.526550987000171 ], [ 81.554705962000071, 16.526180164000049 ], [ 81.557164054000097, 16.525919585000064 ], [ 81.557721700000073, 16.525845433000011 ], [ 81.557980474000033, 16.525772806000141 ] ] ] ] } },
{ "type": "Feature", "properties": { "objectid": 8878, "dname": "WEST GODAVARI", "dmname": "BHIMAVARAM", "dvname": "Komarada", "dcode": "05", "mcode": "36", "vcode": "010", "dmv_code": "0536010", "hname": "KOMARADA", "district": 546.0, "subdistt": 4984.0, "town_villa": 588733.0, "ward": 0.0, "eb": 0.0, "level": "VILLAGE", "name": "Komarada", "tru": "Rural", "no_hh": 680.0, "tot_p": 2289.0, "tot_m": 1172.0, "tot_f": 1117.0, "p_06": 216.0, "m_06": 109.0, "f_06": 107.0, "p_sc": 65.0, "m_sc": 36.0, "f_sc": 29.0, "p_st": 69.0, "m_st": 37.0, "f_st": 32.0, "p_lit": 1580.0, "m_lit": 823.0, "f_lit": 757.0, "p_ill": 709.0, "m_ill": 349.0, "f_ill": 360.0, "tot_work_p": 1039.0, "tot_work_m": 773.0, "tot_work_f": 266.0, "mainwork_p": 986.0, "mainwork_m": 759.0, "mainwork_f": 227.0, "main_cl_p": 129.0, "main_cl_m": 127.0, "main_cl_f": 2.0, "main_al_p": 603.0, "main_al_m": 417.0, "main_al_f": 186.0, "main_hh_p": 3.0, "main_hh_m": 2.0, "main_hh_f": 1.0, "main_ot_p": 251.0, "main_ot_m": 213.0, "main_ot_f": 38.0, "margwork_p": 53.0, "margwork_m": 14.0, "margwork_f": 39.0, "marg_cl_p": 2.0, "marg_cl_m": 1.0, "marg_cl_f": 1.0, "marg_al_p": 33.0, "marg_al_m": 9.0, "marg_al_f": 24.0, "marg_hh_p": 0.0, "marg_hh_m": 0.0, "marg_hh_f": 0.0, "marg_ot_p": 18.0, "marg_ot_m": 4.0, "marg_ot_f": 14.0, "margwork_3": 29.0, "margwork_4": 11.0, "margwork_5": 18.0, "marg_cl_3_": 2.0, "marg_cl_31": 1.0, "marg_cl_32": 1.0, "marg_al_3_": 19.0, "marg_al_31": 6.0, "marg_al_32": 13.0, "marg_hh_3_": 0.0, "marg_hh_31": 0.0, "marg_hh_32": 0.0, "marg_ot_3_": 8.0, "marg_ot_31": 4.0, "marg_ot_32": 4.0, "margwork_0": 24.0, "margwork_1": 3.0, "margwork_2": 21.0, "marg_cl_0_": 0.0, "marg_cl_01": 0.0, "marg_cl_02": 0.0, "marg_al_0_": 14.0, "marg_al_01": 3.0, "marg_al_02": 11.0, "marg_hh_0_": 0.0, "marg_hh_01": 0.0, "marg_hh_02": 0.0, "marg_ot_0_": 10.0, "marg_ot_01": 0.0, "marg_ot_02": 10.0, "non_work_p": 1250.0, "non_work_m": 399.0, "non_work_f": 851.0, "source_table": "villagewise_population", "created_at": "2026-02-20T19:03:55", "district_28_legacy": "West Godavari", "district_code_28_legacy": "10", "district_name": "West Godavari", "district_lgd": 523, "SHAPE__Length": 13562.08950427962, "SHAPE__Area": 6815027.9666258218 }, "geometry": { "type": "MultiPolygon", "coordinates": [ [ [ [ 81.513773275000077, 16.516911426000085 ], [ 81.513771766000048, 16.515720336000175 ], [ 81.51384643500009, 16.514529015000079 ], [ 81.513999026000135, 16.513876195000055 ], [ 81.514034896000098, 16.512647115000096 ], [ 81.514034703000064, 16.512225399000105 ], [ 81.513530133000074, 16.512034149000083 ], [ 81.513377646000095, 16.511993906000093 ], [ 81.513224171000033, 16.511648401000105 ], [ 81.513262032000043, 16.51103380200005 ], [ 81.513221788000109, 16.509460680000092 ], [ 81.513294775000091, 16.507385792000033 ], [ 81.51360742500006, 16.506580423000134 ], [ 81.514179639000048, 16.506311876000083 ], [ 81.514674924000118, 16.505811784000066 ], [ 81.515025757000046, 16.505580647000016 ], [ 81.514519867000047, 16.503891345000042 ], [ 81.514519172000064, 16.5033147360001 ], [ 81.514594405000082, 16.502662147000095 ], [ 81.514212093000069, 16.501856043000057 ], [ 81.513866732000096, 16.501241466000128 ], [ 81.513637885000037, 16.500779169000079 ], [ 81.51324732300003, 16.50031905500002 ], [ 81.513674256000058, 16.499704980000118 ], [ 81.513712058000081, 16.499435780000066 ], [ 81.513711365000106, 16.49885917100011 ], [ 81.513397336000125, 16.497784339000116 ], [ 81.51331942200008, 16.497245837000118 ], [ 81.512706870000059, 16.49590168600006 ], [ 81.512163778000058, 16.495017483000051 ], [ 81.512163221000051, 16.494481575000126 ], [ 81.512322333000071, 16.493673840000099 ], [ 81.51243611700005, 16.492982694 ], [ 81.512198097000081, 16.492215723000093 ], [ 81.512197777000054, 16.49175330400006 ], [ 81.511583697000063, 16.489564020000049 ], [ 81.511163864000068, 16.489103423000081 ], [ 81.510774191000081, 16.488910691000111 ], [ 81.510773636000067, 16.488374217000029 ], [ 81.511466110000057, 16.486530372000058 ], [ 81.51261576100012, 16.484379884000127 ], [ 81.511917318000044, 16.48146047500008 ], [ 81.511531020000064, 16.478311176000094 ], [ 81.511221577000086, 16.475008446000018 ], [ 81.50918, 16.472703581000044 ], [ 81.507222947000031, 16.471165566000057 ], [ 81.506527434000134, 16.470588762000109 ], [ 81.505640392000075, 16.469475483000032 ], [ 81.504648252000081, 16.469205951000095 ], [ 81.503608389000092, 16.468667470000121 ], [ 81.502914241000084, 16.468514066000132 ], [ 81.502723986000049, 16.468745275000114 ], [ 81.502266743000064, 16.469397863000072 ], [ 81.501915512000053, 16.469857366000067 ], [ 81.501801537000105, 16.470126789000119 ], [ 81.50157277600006, 16.470779265000075 ], [ 81.501307328000081, 16.47131765700005 ], [ 81.500772860000026, 16.472008345000031 ], [ 81.500384489000083, 16.472582713000044 ], [ 81.499851072000084, 16.473237215000072 ], [ 81.499264783000072, 16.473847778 ], [ 81.499005510000046, 16.474118758000067 ], [ 81.498456411000063, 16.47463367200012 ], [ 81.499045759000097, 16.475731463000105 ], [ 81.499046087000067, 16.476577162000034 ], [ 81.499008919000119, 16.477422971000109 ], [ 81.499240612000079, 16.478805032000103 ], [ 81.499356218000088, 16.47941974600009 ], [ 81.499554902000042, 16.479996340000056 ], [ 81.499785098000118, 16.480532704000115 ], [ 81.500166705000126, 16.481147765000085 ], [ 81.500549607000025, 16.481800696000061 ], [ 81.500627239000053, 16.482262889000101 ], [ 81.500711894000119, 16.48272279900003 ], [ 81.50051496800009, 16.484183002000133 ], [ 81.500400778000127, 16.484757691000056 ], [ 81.500173173000107, 16.485411856000109 ], [ 81.499982692000032, 16.485948328000116 ], [ 81.499908679000015, 16.487370292000076 ], [ 81.499794974000082, 16.488099307000013 ], [ 81.499795547000119, 16.489021321000013 ], [ 81.499834261000061, 16.489405050000123 ], [ 81.499912297000037, 16.490365275000073 ], [ 81.500028397000051, 16.491133185000127 ], [ 81.500991891000069, 16.493053515 ], [ 81.501260103000035, 16.493746920000028 ], [ 81.501720053000028, 16.494667010000093 ], [ 81.501720831000071, 16.495281494999986 ], [ 81.501836017000088, 16.496127418000125 ], [ 81.501990313000121, 16.496742015 ], [ 81.501837454000054, 16.497318513000046 ], [ 81.501456921000056, 16.49816194200001 ], [ 81.501459528000098, 16.499353033000109 ], [ 81.501538280000076, 16.50127370800001 ], [ 81.501767703000112, 16.501926524000098 ], [ 81.502043077000039, 16.502656084000094 ], [ 81.502388087000043, 16.503539767000113 ], [ 81.50288569500006, 16.504500444000122 ], [ 81.502886720000063, 16.505191244000081 ], [ 81.50273405100009, 16.505460215000017 ], [ 81.502124810000069, 16.50588203800012 ], [ 81.501964425000054, 16.506305360000056 ], [ 81.501889393000113, 16.507034825000041 ], [ 81.501508599000033, 16.507801938000068 ], [ 81.501509377000048, 16.508416422000032 ], [ 81.501968439000109, 16.509415090000132 ], [ 81.502091958000065, 16.510298861000063 ], [ 81.501935614000061, 16.513103232000063 ], [ 81.501708316000105, 16.514601394000088 ], [ 81.502464406000072, 16.51464947100008 ], [ 81.504396109000069, 16.515097124000086 ], [ 81.505259054000078, 16.51520818800001 ], [ 81.507679978000041, 16.515806989000016 ], [ 81.509986410000067, 16.516514644000026 ], [ 81.511063394000047, 16.51685060000008 ], [ 81.511888491000036, 16.516851517000166 ], [ 81.512781321, 16.51677704100009 ], [ 81.513262328000067, 16.516926530999989 ], [ 81.513773275000077, 16.516911426000085 ] ] ] ] } },
{ "type": "Feature", "properties": { "objectid": 8880, "dname": "WEST GODAVARI", "dmname": "BHIMAVARAM", "dvname": "Anakoderu", "dcode": "05", "mcode": "36", "vcode": "011", "dmv_code": "0536011", "hname": "LVN PURAM", "district": 546.0, "subdistt": 4984.0, "town_villa": 588734.0, "ward": 0.0, "eb": 0.0, "level": "VILLAGE", "name": "Anakoderu", "tru": "Rural", "no_hh": 1669.0, "tot_p": 5697.0, "tot_m": 2877.0, "tot_f": 2820.0, "p_06": 571.0, "m_06": 282.0, "f_06": 289.0, "p_sc": 328.0, "m_sc": 157.0, "f_sc": 171.0, "p_st": 12.0, "m_st": 5.0, "f_st": 7.0, "p_lit": 3701.0, "m_lit": 1946.0, "f_lit": 1755.0, "p_ill": 1996.0, "m_ill": 931.0, "f_ill": 1065.0, "tot_work_p": 2708.0, "tot_work_m": 1819.0, "tot_work_f": 889.0, "mainwork_p": 2360.0, "mainwork_m": 1660.0, "mainwork_f": 700.0, "main_cl_p": 154.0, "main_cl_m": 143.0, "main_cl_f": 11.0, "main_al_p": 1840.0, "main_al_m": 1235.0, "main_al_f": 605.0, "main_hh_p": 12.0, "main_hh_m": 6.0, "main_hh_f": 6.0, "main_ot_p": 354.0, "main_ot_m": 276.0, "main_ot_f": 78.0, "margwork_p": 348.0, "margwork_m": 159.0, "margwork_f": 189.0, "marg_cl_p": 16.0, "marg_cl_m": 10.0, "marg_cl_f": 6.0, "marg_al_p": 291.0, "marg_al_m": 134.0, "marg_al_f": 157.0, "marg_hh_p": 8.0, "marg_hh_m": 1.0, "marg_hh_f": 7.0, "marg_ot_p": 33.0, "marg_ot_m": 14.0, "marg_ot_f": 19.0, "margwork_3": 264.0, "margwork_4": 141.0, "margwork_5": 123.0, "marg_cl_3_": 10.0, "marg_cl_31": 8.0, "marg_cl_32": 2.0, "marg_al_3_": 229.0, "marg_al_31": 121.0, "marg_al_32": 108.0, "marg_hh_3_": 7.0, "marg_hh_31": 1.0, "marg_hh_32": 6.0, "marg_ot_3_": 18.0, "marg_ot_31": 11.0, "marg_ot_32": 7.0, "margwork_0": 84.0, "margwork_1": 18.0, "margwork_2": 66.0, "marg_cl_0_": 6.0, "marg_cl_01": 2.0, "marg_cl_02": 4.0, "marg_al_0_": 62.0, "marg_al_01": 13.0, "marg_al_02": 49.0, "marg_hh_0_": 1.0, "marg_hh_01": 0.0, "marg_hh_02": 1.0, "marg_ot_0_": 15.0, "marg_ot_01": 3.0, "marg_ot_02": 12.0, "non_work_p": 2989.0, "non_work_m": 1058.0, "non_work_f": 1931.0, "source_table": "villagewise_population", "created_at": "2026-02-20T19:03:55", "district_28_legacy": "West Godavari", "district_code_28_legacy": "10", "district_name": "West Godavari", "district_lgd": 523, "SHAPE__Length": 17934.272666516281, "SHAPE__Area": 15821843.221584016 }, "geometry": { "type": "MultiPolygon", "coordinates": [ [ [ [ 81.499060005000061, 16.515098188000096 ], [ 81.49989246300008, 16.515205407000021 ], [ 81.500754233000052, 16.514946219000048 ], [ 81.501708316000105, 16.514601394000088 ], [ 81.501935614000061, 16.513103232000063 ], [ 81.502091958000065, 16.510298861000063 ], [ 81.501968439000109, 16.509415090000132 ], [ 81.501509377000048, 16.508416422000032 ], [ 81.501508599000033, 16.507801938000068 ], [ 81.501889393000113, 16.507034825000041 ], [ 81.501964425000054, 16.506305360000056 ], [ 81.502124810000069, 16.50588203800012 ], [ 81.50273405100009, 16.505460215000017 ], [ 81.502886720000063, 16.505191244000081 ], [ 81.50288569500006, 16.504500444000122 ], [ 81.502388087000043, 16.503539767000113 ], [ 81.502043077000039, 16.502656084000094 ], [ 81.501767703000112, 16.501926524000098 ], [ 81.501538280000076, 16.50127370800001 ], [ 81.501459528000098, 16.499353033000109 ], [ 81.501456921000056, 16.49816194200001 ], [ 81.501837454000054, 16.497318513000046 ], [ 81.501990313000121, 16.496742015 ], [ 81.501836017000088, 16.496127418000125 ], [ 81.501720831000071, 16.495281494999986 ], [ 81.501720053000028, 16.494667010000093 ], [ 81.501260103000035, 16.493746920000028 ], [ 81.500991891000069, 16.493053515 ], [ 81.500028397000051, 16.491133185000127 ], [ 81.499912297000037, 16.490365275000073 ], [ 81.499834261000061, 16.489405050000123 ], [ 81.499795547000119, 16.489021321000013 ], [ 81.499794974000082, 16.488099307000013 ], [ 81.499908679000015, 16.487370292000076 ], [ 81.499982692000032, 16.485948328000116 ], [ 81.500173173000107, 16.485411856000109 ], [ 81.500400778000127, 16.484757691000056 ], [ 81.50051496800009, 16.484183002000133 ], [ 81.500711894000119, 16.48272279900003 ], [ 81.500627239000053, 16.482262889000101 ], [ 81.500549607000025, 16.481800696000061 ], [ 81.500166705000126, 16.481147765000085 ], [ 81.499785098000118, 16.480532704000115 ], [ 81.499554902000042, 16.479996340000056 ], [ 81.499356218000088, 16.47941974600009 ], [ 81.499240612000079, 16.478805032000103 ], [ 81.499008919000119, 16.477422971000109 ], [ 81.499046087000067, 16.476577162000034 ], [ 81.499045759000097, 16.475731463000105 ], [ 81.498456411000063, 16.47463367200012 ], [ 81.498433047000063, 16.474656353000118 ], [ 81.498165158000077, 16.474425364000112 ], [ 81.497315846000049, 16.473004977000052 ], [ 81.49700998100009, 16.472620900000113 ], [ 81.496733984000088, 16.470929742000088 ], [ 81.496464894000027, 16.470314910000074 ], [ 81.493585765000105, 16.469508151000113 ], [ 81.488476466000066, 16.467816323000104 ], [ 81.485826818000106, 16.466930782000151 ], [ 81.484481972000054, 16.466261934000098 ], [ 81.482902271000043, 16.465803479000066 ], [ 81.4816057540001, 16.466367411000029 ], [ 81.479056864000071, 16.467378107000084 ], [ 81.476058761000047, 16.468636520000064 ], [ 81.47372414700007, 16.469616582000079 ], [ 81.472211017000063, 16.46869939600009 ], [ 81.469593422000074, 16.46948857000007 ], [ 81.467952355000079, 16.470052818000049 ], [ 81.464770415000075, 16.470997839000017 ], [ 81.461588820000046, 16.472069439000055 ], [ 81.460724719000069, 16.472286644000071 ], [ 81.461007783000099, 16.472908831000051 ], [ 81.462577517000085, 16.476316684999976 ], [ 81.462921146000042, 16.476657015000139 ], [ 81.463104021000049, 16.47683813500014 ], [ 81.464853802000036, 16.477732681000091 ], [ 81.465402712000099, 16.478099488000119 ], [ 81.465748484000102, 16.478330547000112 ], [ 81.466088742000053, 16.478626912000031 ], [ 81.466603771000081, 16.479075500000043 ], [ 81.467369398000073, 16.48055524300003 ], [ 81.467836609000074, 16.481458219000022 ], [ 81.469238464000071, 16.483030457000108 ], [ 81.469663753000106, 16.48350743 ], [ 81.469813753000011, 16.483607507000102 ], [ 81.470221484000064, 16.483879534000028 ], [ 81.47045192700007, 16.484244267000051 ], [ 81.47085612100004, 16.484883998000029 ], [ 81.471376544000094, 16.48570505700015 ], [ 81.471555297000108, 16.485949288 ], [ 81.472685022000064, 16.487492830000086 ], [ 81.472815703000023, 16.487724575000044 ], [ 81.473020798000036, 16.488088282000088 ], [ 81.473342056000021, 16.488769931000061 ], [ 81.473388777000096, 16.488869063000077 ], [ 81.473472938000072, 16.48915327300011 ], [ 81.473841052000097, 16.490396375000124 ], [ 81.474027010000043, 16.492593760000101 ], [ 81.474070115000103, 16.492903444 ], [ 81.474104879000052, 16.493153193000072 ], [ 81.474105739000066, 16.493823078000077 ], [ 81.474497196000087, 16.494247201000082 ], [ 81.474518423000077, 16.494270199 ], [ 81.474532530000033, 16.494284261000082 ], [ 81.47481698300011, 16.494567837000062 ], [ 81.475153156000047, 16.494902112000052 ], [ 81.475669203000038, 16.495396394000117 ], [ 81.476008777000075, 16.495721645000124 ], [ 81.478018080000084, 16.497100942000092 ], [ 81.479095829000073, 16.497908474000113 ], [ 81.480105322000085, 16.498664852000037 ], [ 81.480888699000033, 16.499166271000075 ], [ 81.48103646800007, 16.499260853000113 ], [ 81.48103662600009, 16.499260853000113 ], [ 81.481815785000094, 16.499261452000038 ], [ 81.481986754000062, 16.499379537000127 ], [ 81.482678969000062, 16.499857639000076 ], [ 81.483015510000072, 16.50030439700009 ], [ 81.48349758000009, 16.501199589000127 ], [ 81.483797264000046, 16.502614253000115 ], [ 81.483822265000043, 16.503411512000039 ], [ 81.483877846000041, 16.50518389800002 ], [ 81.484137814000078, 16.505890251000125 ], [ 81.484137852000089, 16.505890348000072 ], [ 81.484138865000077, 16.506598672000102 ], [ 81.483711430000099, 16.507773505000117 ], [ 81.48358338000007, 16.508125457000059 ], [ 81.482991472000052, 16.510767126000097 ], [ 81.48292527600006, 16.511088089000097 ], [ 81.482400240000089, 16.513633780000074 ], [ 81.482303140000056, 16.514188879000134 ], [ 81.482172195, 16.514937458000109 ], [ 81.482439699000096, 16.515031098000097 ], [ 81.482512309000143, 16.515056578000081 ], [ 81.482700163000075, 16.515122497000068 ], [ 81.483647069000071, 16.515308309000027 ], [ 81.483852935000073, 16.515348706000108 ], [ 81.484295833000047, 16.515310689000046 ], [ 81.484418467000069, 16.515300784000051 ], [ 81.484745768000039, 16.515274348000052 ], [ 81.485379821000052, 16.515274786000077 ], [ 81.485912756000062, 16.515402979000037 ], [ 81.48631108100011, 16.515498792000077 ], [ 81.487024517000066, 16.515630107000117 ], [ 81.488098231000038, 16.515827730000044 ], [ 81.488541498000075, 16.515908418000063 ], [ 81.48909796800011, 16.515833884000131 ], [ 81.489846647, 16.515759922000022 ], [ 81.490815430000069, 16.515611829000036 ], [ 81.491555902000101, 16.515537320000046 ], [ 81.492006777000086, 16.515426906000034 ], [ 81.493601052000059, 16.515166181000094 ], [ 81.496616489000104, 16.515129668000128 ], [ 81.498143135000049, 16.51498160300007 ], [ 81.499060005000061, 16.515098188000096 ] ] ] ] } },
{ "type": "Feature", "properties": { "objectid": 8881, "dname": "WEST GODAVARI", "dmname": "BHIMAVARAM", "dvname": "Bethapudi", "dcode": "05", "mcode": "36", "vcode": "014", "dmv_code": "0536014", "hname": "NADIPALLI", "district": 546.0, "subdistt": 4984.0, "town_villa": 588737.0, "ward": 0.0, "eb": 0.0, "level": "VILLAGE", "name": "Bethapudi", "tru": "Rural", "no_hh": 966.0, "tot_p": 3326.0, "tot_m": 1665.0, "tot_f": 1661.0, "p_06": 349.0, "m_06": 186.0, "f_06": 163.0, "p_sc": 678.0, "m_sc": 339.0, "f_sc": 339.0, "p_st": 26.0, "m_st": 14.0, "f_st": 12.0, "p_lit": 2439.0, "m_lit": 1270.0, "f_lit": 1169.0, "p_ill": 887.0, "m_ill": 395.0, "f_ill": 492.0, "tot_work_p": 1666.0, "tot_work_m": 1069.0, "tot_work_f": 597.0, "mainwork_p": 1557.0, "mainwork_m": 1047.0, "mainwork_f": 510.0, "main_cl_p": 170.0, "main_cl_m": 167.0, "main_cl_f": 3.0, "main_al_p": 1139.0, "main_al_m": 698.0, "main_al_f": 441.0, "main_hh_p": 2.0, "main_hh_m": 1.0, "main_hh_f": 1.0, "main_ot_p": 246.0, "main_ot_m": 181.0, "main_ot_f": 65.0, "margwork_p": 109.0, "margwork_m": 22.0, "margwork_f": 87.0, "marg_cl_p": 5.0, "marg_cl_m": 2.0, "marg_cl_f": 3.0, "marg_al_p": 70.0, "marg_al_m": 15.0, "marg_al_f": 55.0, "marg_hh_p": 2.0, "marg_hh_m": 0.0, "marg_hh_f": 2.0, "marg_ot_p": 32.0, "marg_ot_m": 5.0, "marg_ot_f": 27.0, "margwork_3": 80.0, "margwork_4": 20.0, "margwork_5": 60.0, "marg_cl_3_": 5.0, "marg_cl_31": 2.0, "marg_cl_32": 3.0, "marg_al_3_": 62.0, "marg_al_31": 13.0, "marg_al_32": 49.0, "marg_hh_3_": 2.0, "marg_hh_31": 0.0, "marg_hh_32": 2.0, "marg_ot_3_": 11.0, "marg_ot_31": 5.0, "marg_ot_32": 6.0, "margwork_0": 29.0, "margwork_1": 2.0, "margwork_2": 27.0, "marg_cl_0_": 0.0, "marg_cl_01": 0.0, "marg_cl_02": 0.0, "marg_al_0_": 8.0, "marg_al_01": 2.0, "marg_al_02": 6.0, "marg_hh_0_": 0.0, "marg_hh_01": 0.0, "marg_hh_02": 0.0, "marg_ot_0_": 21.0, "marg_ot_01": 0.0, "marg_ot_02": 21.0, "non_work_p": 1660.0, "non_work_m": 596.0, "non_work_f": 1064.0, "source_table": "villagewise_population", "created_at": "2026-02-20T19:03:55", "district_28_legacy": "West Godavari", "district_code_28_legacy": "10", "district_name": "West Godavari", "district_lgd": 523, "SHAPE__Length": 12919.556223605094, "SHAPE__Area": 8123465.8712568413 }, "geometry": { "type": "MultiPolygon", "coordinates": [ [ [ [ 81.569837901000113, 16.509692669000117 ], [ 81.569684623000086, 16.509097340000118 ], [ 81.56968467800003, 16.509097285000127 ], [ 81.569837468000102, 16.508948317000051 ], [ 81.569837625000019, 16.50894816300006 ], [ 81.570172679000066, 16.508912017000064 ], [ 81.570620904000052, 16.508800437000033 ], [ 81.570768686000122, 16.508763649000041 ], [ 81.571439348000069, 16.508587054000028 ], [ 81.572179588000054, 16.508392135000058 ], [ 81.572179754000032, 16.508392210000153 ], [ 81.572459986000055, 16.50852009500014 ], [ 81.57266908400004, 16.50861551700012 ], [ 81.573149454000074, 16.508577758000133 ], [ 81.573149512000086, 16.508577782000028 ], [ 81.573669425000034, 16.508801603000094 ], [ 81.573966984000023, 16.509099104000114 ], [ 81.573967411000112, 16.509099179000032 ], [ 81.574823047000038, 16.509248349000149 ], [ 81.575571026000077, 16.50932332800009 ], [ 81.577579953000082, 16.510032361000121 ], [ 81.578174914000044, 16.509920156000085 ], [ 81.57866283000007, 16.509696938000111 ], [ 81.57910590700007, 16.509474024000028 ], [ 81.579106210000134, 16.509473868000107 ], [ 81.579556433000079, 16.50954868200013 ], [ 81.579556512000082, 16.509548689000123 ], [ 81.579556028000098, 16.50924634500004 ], [ 81.579554606000102, 16.508357597000064 ], [ 81.578726384000049, 16.505826082000059 ], [ 81.57805952800004, 16.50351619300011 ], [ 81.57782749800009, 16.501544044000052 ], [ 81.57764359500004, 16.500910380000072 ], [ 81.577555281000031, 16.500353023000088 ], [ 81.57749014500007, 16.499941953000164 ], [ 81.577489594000113, 16.499457488000068 ], [ 81.577007771000112, 16.498750754000056 ], [ 81.576396941000013, 16.497114790000094 ], [ 81.576034038000088, 16.496142824000156 ], [ 81.575734367000052, 16.494915403000114 ], [ 81.577039691000081, 16.494543638000106 ], [ 81.579535236000112, 16.494059942000064 ], [ 81.582062039000078, 16.493614645000051 ], [ 81.582062147000059, 16.493614623000092 ], [ 81.582062547000049, 16.493614552000082 ], [ 81.582212926000082, 16.493581879000018 ], [ 81.583061375000099, 16.493397535000053 ], [ 81.582946505000052, 16.493063257000085 ], [ 81.581866889000082, 16.490680696000052 ], [ 81.581225779000064, 16.490323296000117 ], [ 81.580988041000069, 16.490036912000011 ], [ 81.580629454000061, 16.490036974000123 ], [ 81.579988028000045, 16.489918131000014 ], [ 81.579583486000061, 16.48984711500011 ], [ 81.579278206000083, 16.489679102000011 ], [ 81.579063487000042, 16.48927449000012 ], [ 81.577939288000067, 16.487845729000142 ], [ 81.576532764000021, 16.486106412000055 ], [ 81.576317633, 16.485583083000044 ], [ 81.57612703100007, 16.485367200000066 ], [ 81.576079982000053, 16.48498746900005 ], [ 81.576102834000025, 16.484492750000097 ], [ 81.575529687000056, 16.483795923000145 ], [ 81.574864841000064, 16.483675445000046 ], [ 81.573361321000078, 16.483651570000053 ], [ 81.571505335000083, 16.483698373000088 ], [ 81.569909828000064, 16.483840975000067 ], [ 81.569292281000074, 16.483840736000104 ], [ 81.568628444000069, 16.484006282000053 ], [ 81.567505923000041, 16.484362701000109 ], [ 81.566743238000115, 16.484410414 ], [ 81.565483118000031, 16.484291282000132 ], [ 81.564078187000078, 16.48431337400006 ], [ 81.56269636800009, 16.484242107000163 ], [ 81.561481954000058, 16.484123368000091 ], [ 81.560795103000018, 16.484075278000088 ], [ 81.560008728000085, 16.484050118000035 ], [ 81.55933768700001, 16.484168172000174 ], [ 81.558604544000048, 16.484287554000147 ], [ 81.558146859000018, 16.484430921000119 ], [ 81.557550898000088, 16.484573601000058 ], [ 81.556437130000077, 16.485096133000145 ], [ 81.555674846000073, 16.48526195400003 ], [ 81.555124910000103, 16.485500016000145 ], [ 81.554675150000079, 16.485904522000169 ], [ 81.552363515000067, 16.487381148000122 ], [ 81.551105356000051, 16.488521994000131 ], [ 81.550632256000085, 16.488616777000082 ], [ 81.549441875000085, 16.489021367000184 ], [ 81.54887782000003, 16.489248152000091 ], [ 81.548855478000078, 16.489912458000131 ], [ 81.549300136000099, 16.491439635000162 ], [ 81.549455828000077, 16.493449935000044 ], [ 81.549639887000083, 16.494158245 ], [ 81.549601946000067, 16.494715192000047 ], [ 81.55012332700008, 16.496055571 ], [ 81.55045960700005, 16.496726084000091 ], [ 81.551056435000078, 16.497508828000022 ], [ 81.551316575000087, 16.497844921000077 ], [ 81.551767605000094, 16.498143095000088 ], [ 81.552401471000096, 16.498104893000068 ], [ 81.554073755000104, 16.498441557000032 ], [ 81.55474525700005, 16.498442233000105 ], [ 81.555822090000078, 16.498740654000063 ], [ 81.55664697800006, 16.498702956000042 ], [ 81.557280337000108, 16.498517761000127 ], [ 81.557764119000055, 16.500489688000059 ], [ 81.557918607000019, 16.502463804000119 ], [ 81.557989028000065, 16.503171905000045 ], [ 81.558103336000059, 16.503693314000024 ], [ 81.558441951000106, 16.505703580000041 ], [ 81.558626179000015, 16.506448059000022 ], [ 81.55900105300006, 16.507081689000135 ], [ 81.559116664000101, 16.507639272000084 ], [ 81.560044253000086, 16.51050689800012 ], [ 81.560572537000013, 16.511102719000061 ], [ 81.561503468000083, 16.511549692000091 ], [ 81.562168496000112, 16.512034832000065 ], [ 81.562658250000084, 16.51233285700005 ], [ 81.562955414000029, 16.512520140000035 ], [ 81.564070106000059, 16.512223130000162 ], [ 81.564740610000115, 16.511589505000178 ], [ 81.565893972000083, 16.511628151000053 ], [ 81.566526578000051, 16.511218505000045 ], [ 81.567084172000108, 16.510807972000016 ], [ 81.568571138000095, 16.510064262000082 ], [ 81.568907233000061, 16.509990239000047 ], [ 81.569837901000113, 16.509692669000117 ] ] ] ] } },
{ "type": "Feature", "properties": { "objectid": 8883, "dname": "WEST GODAVARI", "dmname": "BHIMAVARAM", "dvname": "Yenamadurru", "dcode": "05", "mcode": "36", "vcode": "009", "dmv_code": "0536009", "hname": "SRICHAKRAPURAM", "district": 546.0, "subdistt": 4984.0, "town_villa": 588732.0, "ward": 0.0, "eb": 0.0, "level": "VILLAGE", "name": "Yenamadurru", "tru": "Rural", "no_hh": 1156.0, "tot_p": 3878.0, "tot_m": 1954.0, "tot_f": 1924.0, "p_06": 349.0, "m_06": 185.0, "f_06": 164.0, "p_sc": 472.0, "m_sc": 229.0, "f_sc": 243.0, "p_st": 20.0, "m_st": 10.0, "f_st": 10.0, "p_lit": 2602.0, "m_lit": 1386.0, "f_lit": 1216.0, "p_ill": 1276.0, "m_ill": 568.0, "f_ill": 708.0, "tot_work_p": 1901.0, "tot_work_m": 1220.0, "tot_work_f": 681.0, "mainwork_p": 1828.0, "mainwork_m": 1185.0, "mainwork_f": 643.0, "main_cl_p": 361.0, "main_cl_m": 337.0, "main_cl_f": 24.0, "main_al_p": 1197.0, "main_al_m": 635.0, "main_al_f": 562.0, "main_hh_p": 12.0, "main_hh_m": 6.0, "main_hh_f": 6.0, "main_ot_p": 258.0, "main_ot_m": 207.0, "main_ot_f": 51.0, "margwork_p": 73.0, "margwork_m": 35.0, "margwork_f": 38.0, "marg_cl_p": 11.0, "marg_cl_m": 6.0, "marg_cl_f": 5.0, "marg_al_p": 21.0, "marg_al_m": 8.0, "marg_al_f": 13.0, "marg_hh_p": 8.0, "marg_hh_m": 0.0, "marg_hh_f": 8.0, "marg_ot_p": 33.0, "marg_ot_m": 21.0, "marg_ot_f": 12.0, "margwork_3": 69.0, "margwork_4": 33.0, "margwork_5": 36.0, "marg_cl_3_": 11.0, "marg_cl_31": 6.0, "marg_cl_32": 5.0, "marg_al_3_": 19.0, "marg_al_31": 8.0, "marg_al_32": 11.0, "marg_hh_3_": 8.0, "marg_hh_31": 0.0, "marg_hh_32": 8.0, "marg_ot_3_": 31.0, "marg_ot_31": 19.0, "marg_ot_32": 12.0, "margwork_0": 4.0, "margwork_1": 2.0, "margwork_2": 2.0, "marg_cl_0_": 0.0, "marg_cl_01": 0.0, "marg_cl_02": 0.0, "marg_al_0_": 2.0, "marg_al_01": 0.0, "marg_al_02": 2.0, "marg_hh_0_": 0.0, "marg_hh_01": 0.0, "marg_hh_02": 0.0, "marg_ot_0_": 2.0, "marg_ot_01": 2.0, "marg_ot_02": 0.0, "non_work_p": 1977.0, "non_work_m": 734.0, "non_work_f": 1243.0, "source_table": "villagewise_population", "created_at": "2026-02-20T19:03:55", "district_28_legacy": "West Godavari", "district_code_28_legacy": "10", "district_name": "West Godavari", "district_lgd": 523, "SHAPE__Length": 14256.651042469619, "SHAPE__Area": 10936867.363456555 }, "geometry": { "type": "MultiPolygon", "coordinates": [ [ [ [ 81.534325139000075, 16.511500215000147 ], [ 81.534171838000091, 16.510866420000127 ], [ 81.534170653000075, 16.510160358000018 ], [ 81.533842501000095, 16.510160246000037 ], [ 81.533804125000131, 16.509898630000176 ], [ 81.534061734000034, 16.508075852000072 ], [ 81.534098540000059, 16.507516086000123 ], [ 81.534357771000018, 16.50688270400018 ], [ 81.535250604000083, 16.506474604000108 ], [ 81.535845079000097, 16.506213278000082 ], [ 81.536440853000073, 16.505990387000111 ], [ 81.53725737300006, 16.505544075000131 ], [ 81.537516295000046, 16.505171862000115 ], [ 81.537927698000061, 16.504838177000124 ], [ 81.538369998000064, 16.504632154000035 ], [ 81.539634197000083, 16.502099586000039 ], [ 81.541318159000056, 16.499642009000105 ], [ 81.542658455000037, 16.497107486000079 ], [ 81.543464340000156, 16.49457294200003 ], [ 81.543616163000081, 16.494072732000124 ], [ 81.543995987000116, 16.492729498000109 ], [ 81.544072030000066, 16.492000012000123 ], [ 81.54430718800009, 16.491540242000024 ], [ 81.544306012000035, 16.49050177700008 ], [ 81.545106647000097, 16.489542185000076 ], [ 81.545105345000081, 16.488812944000056 ], [ 81.544950134000047, 16.486584994000104 ], [ 81.544718114000062, 16.484512180000024 ], [ 81.544488302000062, 16.483780832000075 ], [ 81.544334796000015, 16.483089946000053 ], [ 81.54386737600008, 16.482436794 ], [ 81.543295275000077, 16.482360019000076 ], [ 81.542790875000065, 16.482205017000098 ], [ 81.542561599000095, 16.481975659000096 ], [ 81.542560172000023, 16.481206845 ], [ 81.542407454000084, 16.480746600000089 ], [ 81.542101878000082, 16.4804773440001 ], [ 81.541330837000061, 16.480476941000116 ], [ 81.540330260000047, 16.480169162000045 ], [ 81.53810816700009, 16.479708045000091 ], [ 81.537527869000044, 16.479629584000097 ], [ 81.536802665000053, 16.479669158000071 ], [ 81.535917557000104, 16.479897475000065 ], [ 81.535382177000045, 16.479935888000146 ], [ 81.534497091000077, 16.479820492000069 ], [ 81.534038022000047, 16.479551136000072 ], [ 81.533725429000086, 16.479281890000152 ], [ 81.533304396000091, 16.478821906000039 ], [ 81.53292254200008, 16.478514432000072 ], [ 81.532418420000099, 16.478437417000141 ], [ 81.531731345000125, 16.478666234000134 ], [ 81.530075208000085, 16.478896347000088 ], [ 81.529388137000112, 16.47912741700009 ], [ 81.528808354000034, 16.479203260000105 ], [ 81.526778378000117, 16.479778771000074 ], [ 81.525741435000057, 16.480161841000047 ], [ 81.52500903100011, 16.480507228000064 ], [ 81.524321946000029, 16.480737717000054 ], [ 81.52390152100007, 16.480813624000099 ], [ 81.522977809000068, 16.480353461000043 ], [ 81.522473306000066, 16.480160535000074 ], [ 81.521786884000051, 16.480236119000079 ], [ 81.521251499000073, 16.48027393000007 ], [ 81.520098498000067, 16.479928080000011 ], [ 81.519632294000075, 16.47962083900013 ], [ 81.518945421000097, 16.479198379000014 ], [ 81.518677376000085, 16.478928976000063 ], [ 81.517945265000066, 16.47900694700018 ], [ 81.517096893000058, 16.479006690000094 ], [ 81.516485889000066, 16.478851383000045 ], [ 81.515904909000113, 16.478198513000066 ], [ 81.514713243000131, 16.477123503000076 ], [ 81.514063633000063, 16.476622902000067 ], [ 81.512413644000034, 16.47585452500012 ], [ 81.511947339000102, 16.475508827000066 ], [ 81.511221577000086, 16.475008446000018 ], [ 81.511531020000064, 16.478311176000094 ], [ 81.511917318000044, 16.48146047500008 ], [ 81.51261576100012, 16.484379884000127 ], [ 81.511466110000057, 16.486530372000058 ], [ 81.510773636000067, 16.488374217000029 ], [ 81.510774191000081, 16.488910691000111 ], [ 81.511163864000068, 16.489103423000081 ], [ 81.511583697000063, 16.489564020000049 ], [ 81.512197777000054, 16.49175330400006 ], [ 81.512198097000081, 16.492215723000093 ], [ 81.51243611700005, 16.492982694 ], [ 81.512322333000071, 16.493673840000099 ], [ 81.512163221000051, 16.494481575000126 ], [ 81.512163778000058, 16.495017483000051 ], [ 81.512706870000059, 16.49590168600006 ], [ 81.51331942200008, 16.497245837000118 ], [ 81.513397336000125, 16.497784339000116 ], [ 81.513711365000106, 16.49885917100011 ], [ 81.513712058000081, 16.499435780000066 ], [ 81.513674256000058, 16.499704980000118 ], [ 81.51324732300003, 16.50031905500002 ], [ 81.513637885000037, 16.500779169000079 ], [ 81.513866732000096, 16.501241466000128 ], [ 81.514212093000069, 16.501856043000057 ], [ 81.514594405000082, 16.502662147000095 ], [ 81.514519172000064, 16.5033147360001 ], [ 81.514519867000047, 16.503891345000042 ], [ 81.515025757000046, 16.505580647000016 ], [ 81.517340637000046, 16.506391648000136 ], [ 81.517935299000044, 16.506540783000034 ], [ 81.519989845000055, 16.506578075000139 ], [ 81.523302878000052, 16.506915641000045 ], [ 81.524975743000084, 16.507065416000085 ], [ 81.52586913500005, 16.507176304000126 ], [ 81.526617213000094, 16.507289330000084 ], [ 81.527136446000043, 16.507661966000043 ], [ 81.527548786000082, 16.507959745000072 ], [ 81.527847753000103, 16.508704462000061 ], [ 81.528216547000056, 16.510008616000057 ], [ 81.528217098000084, 16.510529259000091 ], [ 81.529370996000054, 16.511087617000047 ], [ 81.52996605500006, 16.511349212000123 ], [ 81.530493261000089, 16.511647196000144 ], [ 81.530974021000091, 16.511722026000026 ], [ 81.531722917000067, 16.511722536000043 ], [ 81.532615469000035, 16.511573923000132 ], [ 81.532913152000035, 16.511574131000085 ], [ 81.533653595000018, 16.511500040000026 ], [ 81.534325139000075, 16.511500215000147 ] ] ] ] } },
{ "type": "Feature", "properties": { "objectid": 8893, "dname": "WEST GODAVARI", "dmname": "BHIMAVARAM", "dvname": "Tundurru", "dcode": "05", "mcode": "36", "vcode": "015", "dmv_code": "0536015", "hname": "CHINAGARUVU", "district": 546.0, "subdistt": 4984.0, "town_villa": 588738.0, "ward": 0.0, "eb": 0.0, "level": "VILLAGE", "name": "Tundurru", "tru": "Rural", "no_hh": 1626.0, "tot_p": 5418.0, "tot_m": 2740.0, "tot_f": 2678.0, "p_06": 538.0, "m_06": 288.0, "f_06": 250.0, "p_sc": 739.0, "m_sc": 365.0, "f_sc": 374.0, "p_st": 64.0, "m_st": 30.0, "f_st": 34.0, "p_lit": 3610.0, "m_lit": 1903.0, "f_lit": 1707.0, "p_ill": 1808.0, "m_ill": 837.0, "f_ill": 971.0, "tot_work_p": 2625.0, "tot_work_m": 1735.0, "tot_work_f": 890.0, "mainwork_p": 2215.0, "mainwork_m": 1684.0, "mainwork_f": 531.0, "main_cl_p": 270.0, "main_cl_m": 266.0, "main_cl_f": 4.0, "main_al_p": 1520.0, "main_al_m": 1089.0, "main_al_f": 431.0, "main_hh_p": 7.0, "main_hh_m": 7.0, "main_hh_f": 0.0, "main_ot_p": 418.0, "main_ot_m": 322.0, "main_ot_f": 96.0, "margwork_p": 410.0, "margwork_m": 51.0, "margwork_f": 359.0, "marg_cl_p": 5.0, "marg_cl_m": 2.0, "marg_cl_f": 3.0, "marg_al_p": 345.0, "marg_al_m": 39.0, "marg_al_f": 306.0, "marg_hh_p": 23.0, "marg_hh_m": 0.0, "marg_hh_f": 23.0, "marg_ot_p": 37.0, "marg_ot_m": 10.0, "marg_ot_f": 27.0, "margwork_3": 393.0, "margwork_4": 48.0, "margwork_5": 345.0, "marg_cl_3_": 5.0, "marg_cl_31": 2.0, "marg_cl_32": 3.0, "marg_al_3_": 340.0, "marg_al_31": 38.0, "marg_al_32": 302.0, "marg_hh_3_": 16.0, "marg_hh_31": 0.0, "marg_hh_32": 16.0, "marg_ot_3_": 32.0, "marg_ot_31": 8.0, "marg_ot_32": 24.0, "margwork_0": 17.0, "margwork_1": 3.0, "margwork_2": 14.0, "marg_cl_0_": 0.0, "marg_cl_01": 0.0, "marg_cl_02": 0.0, "marg_al_0_": 5.0, "marg_al_01": 1.0, "marg_al_02": 4.0, "marg_hh_0_": 7.0, "marg_hh_01": 0.0, "marg_hh_02": 7.0, "marg_ot_0_": 5.0, "marg_ot_01": 2.0, "marg_ot_02": 3.0, "non_work_p": 2793.0, "non_work_m": 1005.0, "non_work_f": 1788.0, "source_table": "villagewise_population", "created_at": "2026-02-20T19:03:55", "district_28_legacy": "West Godavari", "district_code_28_legacy": "10", "district_name": "West Godavari", "district_lgd": 523, "SHAPE__Length": 20733.428053352996, "SHAPE__Area": 18719196.876495466 }, "geometry": { "type": "MultiPolygon", "coordinates": [ [ [ [ 81.600361811000056, 16.494064379000033 ], [ 81.59993119800005, 16.49168421200012 ], [ 81.599807784000092, 16.490945212000053 ], [ 81.599688459000035, 16.490144554000043 ], [ 81.599569900000077, 16.489349032000046 ], [ 81.599519054000041, 16.488917345000051 ], [ 81.599499748000113, 16.488753437000113 ], [ 81.599437355000134, 16.488270544000102 ], [ 81.599376728000067, 16.487801315000119 ], [ 81.599297341000081, 16.487545551000057 ], [ 81.599184620000059, 16.487182393000115 ], [ 81.598706387000064, 16.486077203000107 ], [ 81.598350243000084, 16.485254149000088 ], [ 81.597607751000041, 16.483442148000119 ], [ 81.597607707000051, 16.483442042000078 ], [ 81.597415612000077, 16.482823684000021 ], [ 81.59676698800007, 16.480766485000057 ], [ 81.596679383000051, 16.480488642000083 ], [ 81.596676758000044, 16.48048340800004 ], [ 81.596464557000104, 16.480060868000102 ], [ 81.596382111000068, 16.479698108000036 ], [ 81.596296636000034, 16.479322016000015 ], [ 81.596387471000114, 16.478846848000099 ], [ 81.596508593000138, 16.478322396000056 ], [ 81.596508554000081, 16.478322270000014 ], [ 81.596362727000042, 16.477846902000092 ], [ 81.596293343000042, 16.477743476000111 ], [ 81.596217809000095, 16.477630882000035 ], [ 81.596252968000073, 16.477392324000071 ], [ 81.596270408000095, 16.477273993000061 ], [ 81.596598287000077, 16.476894122000136 ], [ 81.59659780800007, 16.476441876000045 ], [ 81.596597236000036, 16.475964758000028 ], [ 81.596597103000079, 16.475607483000026 ], [ 81.596723766000125, 16.475194819000034 ], [ 81.596809013000069, 16.474917086000062 ], [ 81.596708629000048, 16.474526484000066 ], [ 81.59659505400009, 16.474084549000132 ], [ 81.596594215000039, 16.473854912000085 ], [ 81.596593484000067, 16.473654920000094 ], [ 81.596715298000063, 16.473320973000121 ], [ 81.596827818000037, 16.473006911 ], [ 81.596860288000087, 16.472916284000071 ], [ 81.596892642000086, 16.47281033100009 ], [ 81.597042076000051, 16.472320960000086 ], [ 81.596804244000097, 16.471368094000034 ], [ 81.596872896000107, 16.471072509000074 ], [ 81.59690345300001, 16.470940948000095 ], [ 81.597139919000099, 16.470559125000079 ], [ 81.597462741000058, 16.469564950000102 ], [ 81.597565155000069, 16.469249551000061 ], [ 81.597968700000095, 16.468417737000152 ], [ 81.597762548000063, 16.468261418000136 ], [ 81.597495182000046, 16.468058683000116 ], [ 81.597620237000072, 16.46730640700002 ], [ 81.597661422000058, 16.467058650000091 ], [ 81.597630215000081, 16.466535280000105 ], [ 81.597628859000054, 16.465844476000083 ], [ 81.597795311000098, 16.464582704000087 ], [ 81.597794393000086, 16.464011744000015 ], [ 81.597794330000042, 16.463598195000095 ], [ 81.597794291000042, 16.463343548000044 ], [ 81.597815195000095, 16.462498018000094 ], [ 81.597844301000066, 16.461320700000012 ], [ 81.597856146000083, 16.461125589000044 ], [ 81.597867507000032, 16.460938471000095 ], [ 81.597911317000097, 16.459462863000105 ], [ 81.598101291000049, 16.458867509000086 ], [ 81.598145752000036, 16.457890502000144 ], [ 81.598145494000079, 16.457890406000072 ], [ 81.598107086000113, 16.457876118000133 ], [ 81.597954511000069, 16.457819359000041 ], [ 81.597190938000011, 16.457914671000051 ], [ 81.596527394000063, 16.458135240000015 ], [ 81.596405707000045, 16.458175690000068 ], [ 81.595864008000021, 16.458389523000044 ], [ 81.595462481000126, 16.45844506400001 ], [ 81.595000927000029, 16.458508908000056 ], [ 81.594527923000072, 16.458604361 ], [ 81.594001232000025, 16.458435982000111 ], [ 81.593337072000026, 16.458483457000106 ], [ 81.592886243000066, 16.458555646999976 ], [ 81.592580803000075, 16.45865287 ], [ 81.592435674000058, 16.458699064000079 ], [ 81.592093906000073, 16.458554727000074 ], [ 81.591810218000063, 16.45843491799997 ], [ 81.591809972000135, 16.458435177000101 ], [ 81.591695831000052, 16.458555150000116 ], [ 81.591695620000024, 16.458555031000127 ], [ 81.591137417000098, 16.458237527000062 ], [ 81.590648548000047, 16.457959458000161 ], [ 81.589788356000028, 16.457458666 ], [ 81.589502594000081, 16.457292298000048 ], [ 81.58896445100001, 16.457048866000093 ], [ 81.588501535, 16.456839462000147 ], [ 81.588310431000096, 16.456480567000039 ], [ 81.588142557000069, 16.456416209000036 ], [ 81.587692115000038, 16.45624352000015 ], [ 81.587472368000078, 16.456183170000084 ], [ 81.58699663800013, 16.456052519000053 ], [ 81.586592247000041, 16.456004694000072 ], [ 81.58449988200006, 16.455407952 ], [ 81.584332039000145, 16.455340698000011 ], [ 81.582834926000018, 16.45474079500012 ], [ 81.582284227000045, 16.454406274000132 ], [ 81.582282921000058, 16.454403809000066 ], [ 81.582069542000113, 16.454001661000142 ], [ 81.581778483000051, 16.453321274000061 ], [ 81.581518955000064, 16.452714588000052 ], [ 81.581389325000032, 16.452748010000075 ], [ 81.58123685200006, 16.452787322000074 ], [ 81.581236912000065, 16.452787087000047 ], [ 81.581285713000042, 16.452597780000087 ], [ 81.581296944000059, 16.452554214000067 ], [ 81.577611538000056, 16.454022693000081 ], [ 81.574963839000105, 16.455071053000051 ], [ 81.572468891000099, 16.455919322000035 ], [ 81.570071991000134, 16.456668312000087 ], [ 81.567966991000063, 16.457467198000074 ], [ 81.565624305000085, 16.458317150000077 ], [ 81.563571169000056, 16.459215319000073 ], [ 81.562076385000069, 16.459964679000109 ], [ 81.561671461000117, 16.45976417400011 ], [ 81.560877762000118, 16.459964035000102 ], [ 81.560274696000079, 16.460063218000101 ], [ 81.55847551200003, 16.46190232100011 ], [ 81.558980064000082, 16.462450741000112 ], [ 81.559217139000069, 16.462902789000086 ], [ 81.559523563000113, 16.464094038000081 ], [ 81.559663650000047, 16.465297129000113 ], [ 81.559740068000053, 16.466047048000089 ], [ 81.55958127700012, 16.46654729400008 ], [ 81.559100263000033, 16.467046883000013 ], [ 81.55769772400005, 16.468403620000085 ], [ 81.556340351000074, 16.469951277000138 ], [ 81.554991586000114, 16.47128295000002 ], [ 81.553748510000048, 16.472687200000056 ], [ 81.552726663000072, 16.47368710600011 ], [ 81.552590038000062, 16.47382434700009 ], [ 81.551347389000085, 16.475020547000103 ], [ 81.551004804000087, 16.475579599000088 ], [ 81.5500887890001, 16.476354161000156 ], [ 81.549213127000073, 16.477281225000045 ], [ 81.548305175000039, 16.478019574000136 ], [ 81.547831802000076, 16.478371000999985 ], [ 81.547214659000105, 16.478828596000106 ], [ 81.546116291000033, 16.479398512000049 ], [ 81.545573878000084, 16.479780114000118 ], [ 81.545337313000118, 16.479820433000132 ], [ 81.545216161000042, 16.480375948000077 ], [ 81.545194584000086, 16.480923799000074 ], [ 81.545233332000066, 16.481637660000111 ], [ 81.545264647000053, 16.482232830000157 ], [ 81.545289577000048, 16.483708769000081 ], [ 81.54543557000008, 16.48425665600006 ], [ 81.545863733000047, 16.484734118000016 ], [ 81.546659344000034, 16.485751980000096 ], [ 81.547010677000102, 16.486377793000042 ], [ 81.547317588000041, 16.487378543999974 ], [ 81.547494107, 16.488285303000108 ], [ 81.547725489000058, 16.48947284400008 ], [ 81.547869712000079, 16.489497826000054 ], [ 81.548373442000084, 16.489449872000087 ], [ 81.54887782000003, 16.489248152000091 ], [ 81.549441875000085, 16.489021367000184 ], [ 81.550632256000085, 16.488616777000082 ], [ 81.551105356000051, 16.488521994000131 ], [ 81.552363515000067, 16.487381148000122 ], [ 81.554675150000079, 16.485904522000169 ], [ 81.555124910000103, 16.485500016000145 ], [ 81.555674846000073, 16.48526195400003 ], [ 81.556437130000077, 16.485096133000145 ], [ 81.557550898000088, 16.484573601000058 ], [ 81.558146859000018, 16.484430921000119 ], [ 81.558604544000048, 16.484287554000147 ], [ 81.55933768700001, 16.484168172000174 ], [ 81.560008728000085, 16.484050118000035 ], [ 81.560795103000018, 16.484075278000088 ], [ 81.561481954000058, 16.484123368000091 ], [ 81.56269636800009, 16.484242107000163 ], [ 81.564078187000078, 16.48431337400006 ], [ 81.565483118000031, 16.484291282000132 ], [ 81.566743238000115, 16.484410414 ], [ 81.567505923000041, 16.484362701000109 ], [ 81.568628444000069, 16.484006282000053 ], [ 81.569292281000074, 16.483840736000104 ], [ 81.569909828000064, 16.483840975000067 ], [ 81.571505335000083, 16.483698373000088 ], [ 81.573361321000078, 16.483651570000053 ], [ 81.574864841000064, 16.483675445000046 ], [ 81.575529687000056, 16.483795923000145 ], [ 81.576102834000025, 16.484492750000097 ], [ 81.576079982000053, 16.48498746900005 ], [ 81.57612703100007, 16.485367200000066 ], [ 81.576317633, 16.485583083000044 ], [ 81.576532764000021, 16.486106412000055 ], [ 81.577939288000067, 16.487845729000142 ], [ 81.579063487000042, 16.48927449000012 ], [ 81.579278206000083, 16.489679102000011 ], [ 81.579583486000061, 16.48984711500011 ], [ 81.579988028000045, 16.489918131000014 ], [ 81.580629454000061, 16.490036974000123 ], [ 81.580988041000069, 16.490036912000011 ], [ 81.581225779000064, 16.490323296000117 ], [ 81.581866889000082, 16.490680696000052 ], [ 81.582946505000052, 16.493063257000085 ], [ 81.583061375000099, 16.493397535000053 ], [ 81.58306140600007, 16.493397621000028 ], [ 81.583110666000024, 16.493536928000072 ], [ 81.583162005000091, 16.493682114000048 ], [ 81.583421953000126, 16.494277645000125 ], [ 81.584669675000029, 16.496469691000147 ], [ 81.584962777000058, 16.497466750000132 ], [ 81.585075424000053, 16.497849942000048 ], [ 81.585267444000081, 16.498779794000047 ], [ 81.585573626000027, 16.499518754000043 ], [ 81.585574070000078, 16.499518520000152 ], [ 81.586329241000058, 16.49911994300011 ], [ 81.586652082000072, 16.49882952200009 ], [ 81.587031279000044, 16.498488402000081 ], [ 81.587169900000063, 16.498348750000119 ], [ 81.587457474000075, 16.498059034000086 ], [ 81.58816039900006, 16.497535165000112 ], [ 81.588320013000029, 16.497416209000093 ], [ 81.588700934000059, 16.497107401000143 ], [ 81.588776047000039, 16.497058172000127 ], [ 81.589318230000046, 16.496702825000039 ], [ 81.589977854000011, 16.496291664000026 ], [ 81.590196137000106, 16.496155602000115 ], [ 81.590196338000041, 16.496155477000123 ], [ 81.590330285000093, 16.496222707000168 ], [ 81.590386529000085, 16.49625093800007 ], [ 81.59038666900004, 16.496250913000114 ], [ 81.591050561000046, 16.496132810000073 ], [ 81.59152732700008, 16.496028163000098 ], [ 81.591699270000106, 16.495990423 ], [ 81.592623745000111, 16.495765249000137 ], [ 81.593553894000095, 16.495538688000131 ], [ 81.593554221000062, 16.495538720000066 ], [ 81.59390180700008, 16.495572020000068 ], [ 81.594294783000052, 16.495609668000036 ], [ 81.594488272000063, 16.495578254000097 ], [ 81.595173176000046, 16.49546705700007 ], [ 81.595599802000095, 16.49532622300012 ], [ 81.595889505000073, 16.49523058700013 ], [ 81.596721926000043, 16.495015202000104 ], [ 81.597089289000095, 16.49493045100008 ], [ 81.597744115000097, 16.494779381000164 ], [ 81.598219821000072, 16.494739737000131 ], [ 81.598316989000111, 16.494731639000094 ], [ 81.598531878000159, 16.494771433000121 ], [ 81.598958442000139, 16.49485042600007 ], [ 81.599790074000069, 16.494421346 ], [ 81.599924616000081, 16.494337343000126 ], [ 81.600361811000056, 16.494064379000033 ] ] ] ] } },
{ "type": "Feature", "properties": { "objectid": 8902, "dname": "WEST GODAVARI", "dmname": "BHIMAVARAM", "dvname": "Dirusumarru", "dcode": "05", "mcode": "36", "vcode": "013", "dmv_code": "0536013", "hname": "PATHURU", "district": 546.0, "subdistt": 4984.0, "town_villa": 588736.0, "ward": 0.0, "eb": 0.0, "level": "VILLAGE", "name": "Dirusumarru", "tru": "Rural", "no_hh": 2509.0, "tot_p": 8645.0, "tot_m": 4358.0, "tot_f": 4287.0, "p_06": 852.0, "m_06": 413.0, "f_06": 439.0, "p_sc": 339.0, "m_sc": 175.0, "f_sc": 164.0, "p_st": 55.0, "m_st": 26.0, "f_st": 29.0, "p_lit": 5568.0, "m_lit": 2997.0, "f_lit": 2571.0, "p_ill": 3077.0, "m_ill": 1361.0, "f_ill": 1716.0, "tot_work_p": 4070.0, "tot_work_m": 2805.0, "tot_work_f": 1265.0, "mainwork_p": 3750.0, "mainwork_m": 2646.0, "mainwork_f": 1104.0, "main_cl_p": 381.0, "main_cl_m": 368.0, "main_cl_f": 13.0, "main_al_p": 2651.0, "main_al_m": 1713.0, "main_al_f": 938.0, "main_hh_p": 16.0, "main_hh_m": 9.0, "main_hh_f": 7.0, "main_ot_p": 702.0, "main_ot_m": 556.0, "main_ot_f": 146.0, "margwork_p": 320.0, "margwork_m": 159.0, "margwork_f": 161.0, "marg_cl_p": 3.0, "marg_cl_m": 3.0, "marg_cl_f": 0.0, "marg_al_p": 299.0, "marg_al_m": 145.0, "marg_al_f": 154.0, "marg_hh_p": 5.0, "marg_hh_m": 4.0, "marg_hh_f": 1.0, "marg_ot_p": 13.0, "marg_ot_m": 7.0, "marg_ot_f": 6.0, "margwork_3": 195.0, "margwork_4": 132.0, "margwork_5": 63.0, "marg_cl_3_": 2.0, "marg_cl_31": 2.0, "marg_cl_32": 0.0, "marg_al_3_": 177.0, "marg_al_31": 119.0, "marg_al_32": 58.0, "marg_hh_3_": 5.0, "marg_hh_31": 4.0, "marg_hh_32": 1.0, "marg_ot_3_": 11.0, "marg_ot_31": 7.0, "marg_ot_32": 4.0, "margwork_0": 125.0, "margwork_1": 27.0, "margwork_2": 98.0, "marg_cl_0_": 1.0, "marg_cl_01": 1.0, "marg_cl_02": 0.0, "marg_al_0_": 122.0, "marg_al_01": 26.0, "marg_al_02": 96.0, "marg_hh_0_": 0.0, "marg_hh_01": 0.0, "marg_hh_02": 0.0, "marg_ot_0_": 2.0, "marg_ot_01": 0.0, "marg_ot_02": 2.0, "non_work_p": 4575.0, "non_work_m": 1553.0, "non_work_f": 3022.0, "source_table": "villagewise_population", "created_at": "2026-02-20T19:03:55", "district_28_legacy": "West Godavari", "district_code_28_legacy": "10", "district_name": "West Godavari", "district_lgd": 523, "SHAPE__Length": 15977.144905070221, "SHAPE__Area": 14974163.598444223 }, "geometry": { "type": "MultiPolygon", "coordinates": [ [ [ [ 81.545233332000066, 16.481637660000111 ], [ 81.545194584000086, 16.480923799000074 ], [ 81.545216161000042, 16.480375948000077 ], [ 81.545337313000118, 16.479820433000132 ], [ 81.545573878000084, 16.479780114000118 ], [ 81.546116291000033, 16.479398512000049 ], [ 81.547214659000105, 16.478828596000106 ], [ 81.547831802000076, 16.478371000999985 ], [ 81.548305175000039, 16.478019574000136 ], [ 81.549213127000073, 16.477281225000045 ], [ 81.5500887890001, 16.476354161000156 ], [ 81.551004804000087, 16.475579599000088 ], [ 81.551347389000085, 16.475020547000103 ], [ 81.552590038000062, 16.47382434700009 ], [ 81.552726663000072, 16.47368710600011 ], [ 81.553748510000048, 16.472687200000056 ], [ 81.554991586000114, 16.47128295000002 ], [ 81.556340351000074, 16.469951277000138 ], [ 81.55769772400005, 16.468403620000085 ], [ 81.559100263000033, 16.467046883000013 ], [ 81.55958127700012, 16.46654729400008 ], [ 81.559740068000053, 16.466047048000089 ], [ 81.559663650000047, 16.465297129000113 ], [ 81.559523563000113, 16.464094038000081 ], [ 81.559217139000069, 16.462902789000086 ], [ 81.558980064000082, 16.462450741000112 ], [ 81.55847551200003, 16.46190232100011 ], [ 81.556878897000061, 16.46099674600012 ], [ 81.554403812, 16.459829410000051 ], [ 81.552280551000109, 16.459089426000119 ], [ 81.551324695000062, 16.45847063500004 ], [ 81.550790347000017, 16.458107713000164 ], [ 81.549171184000073, 16.457442409000095 ], [ 81.546610932000078, 16.455665847000052 ], [ 81.545227473000054, 16.454705239000159 ], [ 81.544608724000099, 16.454323348000134 ], [ 81.544181523000105, 16.454109313000103 ], [ 81.54353990500006, 16.453893127000107 ], [ 81.542844485000089, 16.453703676999979 ], [ 81.541820485000059, 16.453012133000122 ], [ 81.541209060000071, 16.452713874000068 ], [ 81.537587844000015, 16.450354872000041 ], [ 81.535883717000047, 16.449124985000022 ], [ 81.535195488000056, 16.448626264000019 ], [ 81.533765718000069, 16.447753617000071 ], [ 81.532697237000036, 16.447101468000024 ], [ 81.529908854000055, 16.445338413000115 ], [ 81.529340279000081, 16.445048261000125 ], [ 81.528999339000052, 16.444874273000138 ], [ 81.528907371000088, 16.445051499000044 ], [ 81.528039905000085, 16.446673786000098 ], [ 81.526393589000094, 16.449091593000123 ], [ 81.524053513000112, 16.451472504000119 ], [ 81.521942009000071, 16.453544597000079 ], [ 81.51837317200004, 16.456768673000116 ], [ 81.516535350000112, 16.458726253000027 ], [ 81.514308872000086, 16.460800311000089 ], [ 81.51089388600009, 16.464215432000096 ], [ 81.509711091000085, 16.465137035000097 ], [ 81.507103167000082, 16.467056131000067 ], [ 81.506104418000064, 16.468015607000112 ], [ 81.505792238000126, 16.468592019000045 ], [ 81.505640392000075, 16.469475483000032 ], [ 81.506527434000134, 16.470588762000109 ], [ 81.507222947000031, 16.471165566000057 ], [ 81.50918, 16.472703581000044 ], [ 81.511221577000086, 16.475008446000018 ], [ 81.511947339000102, 16.475508827000066 ], [ 81.512413644000034, 16.47585452500012 ], [ 81.514063633000063, 16.476622902000067 ], [ 81.514713243000131, 16.477123503000076 ], [ 81.515904909000113, 16.478198513000066 ], [ 81.516485889000066, 16.478851383000045 ], [ 81.517096893000058, 16.479006690000094 ], [ 81.517945265000066, 16.47900694700018 ], [ 81.518677376000085, 16.478928976000063 ], [ 81.518945421000097, 16.479198379000014 ], [ 81.519632294000075, 16.47962083900013 ], [ 81.520098498000067, 16.479928080000011 ], [ 81.521251499000073, 16.48027393000007 ], [ 81.521786884000051, 16.480236119000079 ], [ 81.522473306000066, 16.480160535000074 ], [ 81.522977809000068, 16.480353461000043 ], [ 81.52390152100007, 16.480813624000099 ], [ 81.524321946000029, 16.480737717000054 ], [ 81.52500903100011, 16.480507228000064 ], [ 81.525741435000057, 16.480161841000047 ], [ 81.526778378000117, 16.479778771000074 ], [ 81.528808354000034, 16.479203260000105 ], [ 81.529388137000112, 16.47912741700009 ], [ 81.530075208000085, 16.478896347000088 ], [ 81.531731345000125, 16.478666234000134 ], [ 81.532418420000099, 16.478437417000141 ], [ 81.53292254200008, 16.478514432000072 ], [ 81.533304396000091, 16.478821906000039 ], [ 81.533725429000086, 16.479281890000152 ], [ 81.534038022000047, 16.479551136000072 ], [ 81.534497091000077, 16.479820492000069 ], [ 81.535382177000045, 16.479935888000146 ], [ 81.535917557000104, 16.479897475000065 ], [ 81.536802665000053, 16.479669158000071 ], [ 81.537527869000044, 16.479629584000097 ], [ 81.53810816700009, 16.479708045000091 ], [ 81.540330260000047, 16.480169162000045 ], [ 81.541330837000061, 16.480476941000116 ], [ 81.542101878000082, 16.4804773440001 ], [ 81.542407454000084, 16.480746600000089 ], [ 81.542560172000023, 16.481206845 ], [ 81.542561599000095, 16.481975659000096 ], [ 81.542790875000065, 16.482205017000098 ], [ 81.543295275000077, 16.482360019000076 ], [ 81.54386737600008, 16.482436794 ], [ 81.544295474000094, 16.482205929000077 ], [ 81.545172509000068, 16.481670075000075 ], [ 81.545233332000066, 16.481637660000111 ] ] ] ] } },
{ "type": "Feature", "properties": { "objectid": 8904, "dname": "WEST GODAVARI", "dmname": "BHIMAVARAM", "dvname": "Forest", "dcode": " ", "mcode": " ", "vcode": " ", "dmv_code": " ", "hname": " ", "district": 0.0, "subdistt": 0.0, "town_villa": 0.0, "ward": 0.0, "eb": 0.0, "level": " ", "name": " ", "tru": " ", "no_hh": 0.0, "tot_p": 0.0, "tot_m": 0.0, "tot_f": 0.0, "p_06": 0.0, "m_06": 0.0, "f_06": 0.0, "p_sc": 0.0, "m_sc": 0.0, "f_sc": 0.0, "p_st": 0.0, "m_st": 0.0, "f_st": 0.0, "p_lit": 0.0, "m_lit": 0.0, "f_lit": 0.0, "p_ill": 0.0, "m_ill": 0.0, "f_ill": 0.0, "tot_work_p": 0.0, "tot_work_m": 0.0, "tot_work_f": 0.0, "mainwork_p": 0.0, "mainwork_m": 0.0, "mainwork_f": 0.0, "main_cl_p": 0.0, "main_cl_m": 0.0, "main_cl_f": 0.0, "main_al_p": 0.0, "main_al_m": 0.0, "main_al_f": 0.0, "main_hh_p": 0.0, "main_hh_m": 0.0, "main_hh_f": 0.0, "main_ot_p": 0.0, "main_ot_m": 0.0, "main_ot_f": 0.0, "margwork_p": 0.0, "margwork_m": 0.0, "margwork_f": 0.0, "marg_cl_p": 0.0, "marg_cl_m": 0.0, "marg_cl_f": 0.0, "marg_al_p": 0.0, "marg_al_m": 0.0, "marg_al_f": 0.0, "marg_hh_p": 0.0, "marg_hh_m": 0.0, "marg_hh_f": 0.0, "marg_ot_p": 0.0, "marg_ot_m": 0.0, "marg_ot_f": 0.0, "margwork_3": 0.0, "margwork_4": 0.0, "margwork_5": 0.0, "marg_cl_3_": 0.0, "marg_cl_31": 0.0, "marg_cl_32": 0.0, "marg_al_3_": 0.0, "marg_al_31": 0.0, "marg_al_32": 0.0, "marg_hh_3_": 0.0, "marg_hh_31": 0.0, "marg_hh_32": 0.0, "marg_ot_3_": 0.0, "marg_ot_31": 0.0, "marg_ot_32": 0.0, "margwork_0": 0.0, "margwork_1": 0.0, "margwork_2": 0.0, "marg_cl_0_": 0.0, "marg_cl_01": 0.0, "marg_cl_02": 0.0, "marg_al_0_": 0.0, "marg_al_01": 0.0, "marg_al_02": 0.0, "marg_hh_0_": 0.0, "marg_hh_01": 0.0, "marg_hh_02": 0.0, "marg_ot_0_": 0.0, "marg_ot_01": 0.0, "marg_ot_02": 0.0, "non_work_p": 0.0, "non_work_m": 0.0, "non_work_f": 0.0, "source_table": "villagewise_population", "created_at": "2026-02-20T19:03:55", "district_28_legacy": "West Godavari", "district_code_28_legacy": "10", "district_name": "West Godavari", "district_lgd": 523, "SHAPE__Length": 46537.499636181434, "SHAPE__Area": 51498546.444889069 }, "geometry": { "type": "MultiPolygon", "coordinates": [ [ [ [ 81.440869022000101, 16.481105625000112 ], [ 81.440873702000033, 16.481103352000119 ], [ 81.44215444700005, 16.480468804000026 ], [ 81.443329799000111, 16.479886464000138 ], [ 81.446770560000047, 16.478402898000088 ], [ 81.448846549000066, 16.47745718700007 ], [ 81.450898468000076, 16.476702594000088 ], [ 81.453385584000046, 16.475314217000101 ], [ 81.45338567500005, 16.475314183000037 ], [ 81.454310251000067, 16.474976801000032 ], [ 81.45666650400004, 16.474116970000026 ], [ 81.458589057000054, 16.472827311000021 ], [ 81.460724719000069, 16.472286644000071 ], [ 81.461588820000046, 16.472069439000055 ], [ 81.464770415000075, 16.470997839000017 ], [ 81.467952355000079, 16.470052818000049 ], [ 81.469593422000074, 16.46948857000007 ], [ 81.472211017000063, 16.46869939600009 ], [ 81.47372414700007, 16.469616582000079 ], [ 81.476058761000047, 16.468636520000064 ], [ 81.479056864000071, 16.467378107000084 ], [ 81.4816057540001, 16.466367411000029 ], [ 81.482902271000043, 16.465803479000066 ], [ 81.482809453000101, 16.465721210000087 ], [ 81.48214564900006, 16.465138582000115 ], [ 81.481639917000081, 16.464901469000043 ], [ 81.481067302000071, 16.464632323000057 ], [ 81.479707059000063, 16.464281756000087 ], [ 81.479235664000072, 16.46415986200002 ], [ 81.478448812000082, 16.463181857000112 ], [ 81.477155735000082, 16.461413854000138 ], [ 81.475413050000071, 16.459740958000094 ], [ 81.47452850300003, 16.458989902999988 ], [ 81.474371095000024, 16.458856369000102 ], [ 81.472729452000081, 16.458035085000056 ], [ 81.471278206000079, 16.457404328000106 ], [ 81.471151328000076, 16.457292188000096 ], [ 81.47014099900008, 16.456393922000085 ], [ 81.469574114000054, 16.455290332000104 ], [ 81.46919833700008, 16.453839106000022 ], [ 81.468211577000062, 16.452197383000136 ], [ 81.467048960000056, 16.450902680000134 ], [ 81.465628470000112, 16.44995465900012 ], [ 81.465217067000125, 16.449898708 ], [ 81.462625578000043, 16.449542974000099 ], [ 81.460511336000124, 16.450110739000099 ], [ 81.459505198000031, 16.450203964000043 ], [ 81.458024706000074, 16.449951388000123 ], [ 81.456764199000077, 16.449603226000065 ], [ 81.456289044000115, 16.448186732000089 ], [ 81.455338209000047, 16.445566863000071 ], [ 81.455963574000066, 16.444681572000057 ], [ 81.458326850000077, 16.441972337 ], [ 81.459774821000153, 16.440361738 ], [ 81.460467031000064, 16.438720427000028 ], [ 81.460905865000043, 16.435788644000063 ], [ 81.461536662000086, 16.433200603000088 ], [ 81.462128747000051, 16.430994251000151 ], [ 81.461120134000055, 16.42982571600005 ], [ 81.460767706000084, 16.429099699000059 ], [ 81.460834866000127, 16.428439795000052 ], [ 81.461368919000066, 16.427996811000085 ], [ 81.462063555000029, 16.42758503800016 ], [ 81.463070698000081, 16.427081382000072 ], [ 81.465245045000074, 16.426326869000064 ], [ 81.466915916000062, 16.425663059000108 ], [ 81.469441509000035, 16.424465448000042 ], [ 81.470823271000086, 16.424279540000079 ], [ 81.472494078000082, 16.423993879000108 ], [ 81.474860356000121, 16.423586393000058 ], [ 81.476158641000069, 16.423304584000121 ], [ 81.477760918000058, 16.422831957000046 ], [ 81.479592578000037, 16.422672413 ], [ 81.480920910000052, 16.422642618000044 ], [ 81.483722727000099, 16.422548667000022 ], [ 81.485867561000106, 16.422141128000131 ], [ 81.487508948000126, 16.421824907000069 ], [ 81.488928445000056, 16.421730353000083 ], [ 81.49113466200005, 16.421479174000126 ], [ 81.492178420000087, 16.421480096000067 ], [ 81.49359822200006, 16.421858676000088 ], [ 81.495302119, 16.422428057000129 ], [ 81.496692312000064, 16.421955342000079 ], [ 81.49779039100008, 16.420978652000084 ], [ 81.49892793600003, 16.4206321640001 ], [ 81.499903926000087, 16.420319499000108 ], [ 81.501889471000084, 16.419938271999978 ], [ 81.502825901000037, 16.41934418400005 ], [ 81.502588206000098, 16.419068250000116 ], [ 81.502551948000104, 16.419026159000094 ], [ 81.501886618000071, 16.41823579600003 ], [ 81.501886564000117, 16.418235741000036 ], [ 81.501886411000072, 16.418235559000049 ], [ 81.50174875700003, 16.418103366000054 ], [ 81.500275493000089, 16.416688531000077 ], [ 81.500216245000047, 16.416631178000078 ], [ 81.50021086700005, 16.416625972000094 ], [ 81.498286516000036, 16.414858816000162 ], [ 81.497376247000062, 16.413343058000081 ], [ 81.49696097500005, 16.411292755000083 ], [ 81.496925802000149, 16.411193503000025 ], [ 81.496522500000054, 16.410055440000015 ], [ 81.496522536000072, 16.410054851000087 ], [ 81.496574852000037, 16.409196575000092 ], [ 81.496664671000076, 16.408886708000072 ], [ 81.496733607000081, 16.408648887000037 ], [ 81.497099744000082, 16.408118114000125 ], [ 81.497259043000057, 16.40774397500012 ], [ 81.497642523000096, 16.407768081000086 ], [ 81.49787764400007, 16.407782861000108 ], [ 81.497877858000024, 16.407782725000139 ], [ 81.49798982500009, 16.407711319000075 ], [ 81.498236530000085, 16.40755398500006 ], [ 81.498312091000102, 16.407447807000032 ], [ 81.498540905000112, 16.407126279000128 ], [ 81.498616952000106, 16.406878523 ], [ 81.498709023000075, 16.406578561000046 ], [ 81.49894432400005, 16.405792083000044 ], [ 81.499008004000089, 16.405555888000055 ], [ 81.499111045000106, 16.40517370400006 ], [ 81.499063898000017, 16.404339440000157 ], [ 81.498961371000064, 16.404104174000118 ], [ 81.498804323000087, 16.403743798000047 ], [ 81.498653783000051, 16.403487739000052 ], [ 81.498566434000054, 16.403339174000013 ], [ 81.498344980000056, 16.403316075000102 ], [ 81.498039785000074, 16.403482044000132 ], [ 81.497622948000085, 16.403481911000014 ], [ 81.497345182000089, 16.403481822000117 ], [ 81.497209189000031, 16.403452842000046 ], [ 81.496895088000045, 16.403385909000086 ], [ 81.496207934000026, 16.403147099000041 ], [ 81.495916017000084, 16.403097376000108 ], [ 81.495512962000092, 16.403028722000087 ], [ 81.494882355000115, 16.402961631000036 ], [ 81.494825159000101, 16.40295554700004 ], [ 81.494651255000065, 16.402951426000079 ], [ 81.49384819600003, 16.402932396000043 ], [ 81.493580453000035, 16.40271127000009 ], [ 81.493443038000066, 16.402597781000107 ], [ 81.49278626400006, 16.401958064000052 ], [ 81.492564693000105, 16.401740724000035 ], [ 81.492418512000071, 16.401597335000069 ], [ 81.492296240000044, 16.401451840000053 ], [ 81.492115928000032, 16.401229946000125 ], [ 81.491562516000101, 16.400548906000115 ], [ 81.491393181, 16.400367310000068 ], [ 81.490629371000068, 16.399548185000093 ], [ 81.490298420000045, 16.399038779000094 ], [ 81.48996439400014, 16.398524635000044 ], [ 81.489697767000081, 16.398286845000023 ], [ 81.489697556000095, 16.398286543000118 ], [ 81.488581214000106, 16.396681760000096 ], [ 81.487793604000032, 16.395765402000048 ], [ 81.485264600000065, 16.394186989000108 ], [ 81.48387410100014, 16.393365627000069 ], [ 81.482453161000123, 16.392544343000097 ], [ 81.480778479000051, 16.39109288400007 ], [ 81.479549329000122, 16.391313472000071 ], [ 81.477374816000065, 16.392637409000049 ], [ 81.474858980000079, 16.394970245000042 ], [ 81.474772691000098, 16.39503823300009 ], [ 81.473493008000105, 16.396046506000125 ], [ 81.473493237000085, 16.396046671000018 ], [ 81.473495356000072, 16.396048195000049 ], [ 81.473799543000027, 16.396319818000105 ], [ 81.476397524000035, 16.398646082000074 ], [ 81.478141054000091, 16.400385689000125 ], [ 81.473829317000096, 16.401505924000126 ], [ 81.470853002000098, 16.402288788000089 ], [ 81.469288446000107, 16.402401153000032 ], [ 81.465755386000055, 16.404248860000035 ], [ 81.462612829000108, 16.405873822000117 ], [ 81.460377701000084, 16.406994802000117 ], [ 81.459981952000106, 16.407051860000067 ], [ 81.457902374000057, 16.404527244000153 ], [ 81.457462638000067, 16.403963712000078 ], [ 81.456921585000032, 16.404399350000109 ], [ 81.455825270000062, 16.404818427000166 ], [ 81.455135012000113, 16.405102408000133 ], [ 81.454275532000025, 16.405200295000089 ], [ 81.453524506000065, 16.405133943000042 ], [ 81.452737165, 16.40506655500015 ], [ 81.452531922000034, 16.404978360000058 ], [ 81.452021744000064, 16.404758146000102 ], [ 81.451233096000038, 16.404241899000027 ], [ 81.45051453300006, 16.403657055000089 ], [ 81.44983402500003, 16.402865200000072 ], [ 81.448902191000059, 16.40224644500011 ], [ 81.448257133000084, 16.401557375999985 ], [ 81.447110956000046, 16.400938061000065 ], [ 81.445931850000122, 16.400270212000137 ], [ 81.445152679000074, 16.399779355000099 ], [ 81.444283129000027, 16.399221465000011 ], [ 81.443314321000045, 16.398767291000112 ], [ 81.442460369000059, 16.398335416000094 ], [ 81.442351369000079, 16.398311400000047 ], [ 81.441345754000096, 16.398089658000082 ], [ 81.440475878000044, 16.397820629000098 ], [ 81.439255632000069, 16.397908111000113 ], [ 81.438840648000053, 16.398198656000044 ], [ 81.438054127000086, 16.398407085000077 ], [ 81.437161411000034, 16.398754861000029 ], [ 81.436554976000139, 16.399273729000051 ], [ 81.435743796000068, 16.399875109000075 ], [ 81.435701105000078, 16.400103608000112 ], [ 81.435307071000111, 16.400762675000124 ], [ 81.434379462000066, 16.401617051000102 ], [ 81.434234002000053, 16.401954927000126 ], [ 81.434080387000094, 16.402308088000101 ], [ 81.433973323000046, 16.402554847000083 ], [ 81.433902532000104, 16.402787941999978 ], [ 81.433647717000056, 16.403391803 ], [ 81.433212052000087, 16.40424600800003 ], [ 81.433055492000065, 16.404387183000054 ], [ 81.43271044800008, 16.404979974000121 ], [ 81.432573928000053, 16.405147862 ], [ 81.432572707000062, 16.405149365000071 ], [ 81.432491586000125, 16.405458804000023 ], [ 81.432491680000084, 16.405458844000062 ], [ 81.432788278000061, 16.405579566000068 ], [ 81.43367132000003, 16.405939607000079 ], [ 81.43471359500009, 16.406273220000084 ], [ 81.436924782000034, 16.406983059000069 ], [ 81.436826734000093, 16.407928522000088 ], [ 81.437020278000048, 16.408846643000086 ], [ 81.438189474000083, 16.40972882100009 ], [ 81.439045210000089, 16.409950976000015 ], [ 81.440304253000107, 16.409477848000037 ], [ 81.441784856000069, 16.409066305000113 ], [ 81.443235185000077, 16.408719844000082 ], [ 81.444682995000065, 16.40872048200012 ], [ 81.446769278000048, 16.408343457000072 ], [ 81.448598863000058, 16.40831420800011 ], [ 81.44935752800005, 16.409795535000033 ], [ 81.449923276000078, 16.410994727000084 ], [ 81.447498223000096, 16.41250897700008 ], [ 81.445010317000111, 16.413769542000079 ], [ 81.44327071700009, 16.414557169000037 ], [ 81.442012102, 16.415188600000043 ], [ 81.440308150000106, 16.414114532000085 ], [ 81.438505462000109, 16.412915215000066 ], [ 81.437787442000072, 16.412519141000153 ], [ 81.436902827000054, 16.412030796000053 ], [ 81.436270325000052, 16.411635056000083 ], [ 81.435892467000016, 16.411398059000078 ], [ 81.435323739000083, 16.411183613000041 ], [ 81.43497780900006, 16.411052242999986 ], [ 81.433929509000066, 16.411082144000144 ], [ 81.432450410000072, 16.411207579000092 ], [ 81.432261695000065, 16.411163981000165 ], [ 81.43163225300006, 16.411018088000112 ], [ 81.430876591000086, 16.409725504000118 ], [ 81.429516383000077, 16.40922084800015 ], [ 81.429137895000082, 16.409146100000079 ], [ 81.429137821000054, 16.409146086000039 ], [ 81.429012689000047, 16.409218773000031 ], [ 81.428568294000073, 16.409477717000101 ], [ 81.42794553900012, 16.410044088000081 ], [ 81.42788953000013, 16.410121682000046 ], [ 81.42779384300006, 16.41025251900011 ], [ 81.427624777000091, 16.410532224000175 ], [ 81.427591254000021, 16.410692295000135 ], [ 81.427575081000015, 16.410773177000127 ], [ 81.427329047000057, 16.411176320000095 ], [ 81.427179540000068, 16.411329344000091 ], [ 81.426978720000079, 16.411984499 ], [ 81.426889143000082, 16.412205769000032 ], [ 81.426701298000083, 16.413313139000078 ], [ 81.426655110000084, 16.413552387000067 ], [ 81.426523117000059, 16.414525633000078 ], [ 81.426504717000071, 16.414648354000065 ], [ 81.426486306000086, 16.414767117000135 ], [ 81.42640252200006, 16.415386352000045 ], [ 81.426369124000075, 16.415589394000158 ], [ 81.42636335900005, 16.415624451000081 ], [ 81.426209355000069, 16.416267046000069 ], [ 81.426138536000053, 16.416495616000088 ], [ 81.425947373000056, 16.417255893000089 ], [ 81.425875561000097, 16.417484472000112 ], [ 81.425875385000012, 16.417485032000144 ], [ 81.425821449000082, 16.417887108000141 ], [ 81.42580080500008, 16.418045449000068 ], [ 81.425423516000095, 16.418433102000069 ], [ 81.425229616000067, 16.41863259500013 ], [ 81.424588049000107, 16.41918826400007 ], [ 81.423132415000055, 16.419772607000091 ], [ 81.422187917000031, 16.420078618000097 ], [ 81.421171920000091, 16.41994669300006 ], [ 81.420188543000094, 16.41974910300015 ], [ 81.419400972000091, 16.41961488600003 ], [ 81.418326997000079, 16.419271104000092 ], [ 81.416789148000106, 16.418930198000044 ], [ 81.415603339000128, 16.41881111800015 ], [ 81.414680952000069, 16.418637089000061 ], [ 81.414064103000086, 16.418817296000075 ], [ 81.413806594000064, 16.418892572000072 ], [ 81.412965860000071, 16.419450973000028 ], [ 81.412096847000043, 16.419950649000057 ], [ 81.411409581000058, 16.420516006000028 ], [ 81.410628561000067, 16.421069724000137 ], [ 81.409966098000069, 16.421713025000091 ], [ 81.409337328000035, 16.422255048000075 ], [ 81.408717256000031, 16.422982469000047 ], [ 81.407976367000089, 16.423653661000046 ], [ 81.407136256000115, 16.424456817000124 ], [ 81.406071378000064, 16.425320456000112 ], [ 81.405428473000029, 16.425841586000058 ], [ 81.404875876000077, 16.425966770000066 ], [ 81.404187325000095, 16.426505536000036 ], [ 81.403836544000043, 16.426752321000095 ], [ 81.403836613000081, 16.426752417000063 ], [ 81.403997273000058, 16.426976448000055 ], [ 81.404210469000063, 16.427273735000021 ], [ 81.40506685900003, 16.428598947000058 ], [ 81.405233679000034, 16.428876361000125 ], [ 81.406642527000017, 16.431219177000113 ], [ 81.407607630000072, 16.432709622000079 ], [ 81.408318902000076, 16.433808048000124 ], [ 81.410574788000105, 16.437631223000022 ], [ 81.410721003000049, 16.43787901400005 ], [ 81.410848736000048, 16.43808 ], [ 81.411922281000045, 16.439769200000132 ], [ 81.411912548000075, 16.439829831000015 ], [ 81.411770210000071, 16.440716479000088 ], [ 81.411630084000123, 16.441188999000062 ], [ 81.411452117000096, 16.441789112000077 ], [ 81.411389947000046, 16.442434697000046 ], [ 81.411360963000021, 16.442735671000058 ], [ 81.412431617000024, 16.443969294000066 ], [ 81.413668386000069, 16.445010867000047 ], [ 81.41546595700008, 16.446524698000037 ], [ 81.419288488000092, 16.450218266000149 ], [ 81.421053782000058, 16.451796029000132 ], [ 81.421789047000104, 16.452447355000071 ], [ 81.423300618000056, 16.45378633900004 ], [ 81.42355081400008, 16.454016339000134 ], [ 81.426486277000038, 16.456719948000103 ], [ 81.427388635000028, 16.457440534000057 ], [ 81.429490092000023, 16.459118637000099 ], [ 81.431256172000118, 16.460917912000088 ], [ 81.432042150000072, 16.461651880000034 ], [ 81.433498822000089, 16.463012140000099 ], [ 81.433592209000011, 16.463098753000125 ], [ 81.433656241000051, 16.46315814000015 ], [ 81.433949042000052, 16.465185695000049 ], [ 81.434077758000072, 16.465566380000073 ], [ 81.434415774000087, 16.466566077000053 ], [ 81.435174989000103, 16.469026555 ], [ 81.435387243000079, 16.470053124000096 ], [ 81.435559912000087, 16.470888227000081 ], [ 81.435751756000087, 16.472233195000062 ], [ 81.436036933000111, 16.474232455000099 ], [ 81.436334049000081, 16.47537064700002 ], [ 81.43660557000004, 16.476410775000101 ], [ 81.436720459000128, 16.476842366000042 ], [ 81.436892433000082, 16.4775036700001 ], [ 81.437272548000038, 16.4789653270001 ], [ 81.437550976000054, 16.480011283000078 ], [ 81.437810294000045, 16.480985438000051 ], [ 81.438372174000065, 16.481928822000079 ], [ 81.438506158000067, 16.4821537750001 ], [ 81.438506267000037, 16.482153872000037 ], [ 81.438508088000049, 16.482155627000108 ], [ 81.438508227000057, 16.482155760000119 ], [ 81.438508508000041, 16.482156030000063 ], [ 81.44014821600004, 16.48146199400011 ], [ 81.440869022000101, 16.481105625000112 ] ] ] ] } },
{ "type": "Feature", "properties": { "objectid": 8908, "dname": "WEST GODAVARI", "dmname": "BHIMAVARAM", "dvname": "Losarigutlapadu", "dcode": "05", "mcode": "36", "vcode": "012", "dmv_code": "0536012", "hname": "LOSARI", "district": 546.0, "subdistt": 4984.0, "town_villa": 588735.0, "ward": 0.0, "eb": 0.0, "level": "VILLAGE", "name": "Losarigutlapadu", "tru": "Rural", "no_hh": 6390.0, "tot_p": 22831.0, "tot_m": 11467.0, "tot_f": 11364.0, "p_06": 2274.0, "m_06": 1131.0, "f_06": 1143.0, "p_sc": 1545.0, "m_sc": 745.0, "f_sc": 800.0, "p_st": 75.0, "m_st": 34.0, "f_st": 41.0, "p_lit": 14022.0, "m_lit": 7572.0, "f_lit": 6450.0, "p_ill": 8809.0, "m_ill": 3895.0, "f_ill": 4914.0, "tot_work_p": 10831.0, "tot_work_m": 7031.0, "tot_work_f": 3800.0, "mainwork_p": 9253.0, "mainwork_m": 6582.0, "mainwork_f": 2671.0, "main_cl_p": 976.0, "main_cl_m": 914.0, "main_cl_f": 62.0, "main_al_p": 6899.0, "main_al_m": 4549.0, "main_al_f": 2350.0, "main_hh_p": 35.0, "main_hh_m": 28.0, "main_hh_f": 7.0, "main_ot_p": 1343.0, "main_ot_m": 1091.0, "main_ot_f": 252.0, "margwork_p": 1578.0, "margwork_m": 449.0, "margwork_f": 1129.0, "marg_cl_p": 34.0, "marg_cl_m": 24.0, "marg_cl_f": 10.0, "marg_al_p": 1380.0, "marg_al_m": 367.0, "marg_al_f": 1013.0, "marg_hh_p": 10.0, "marg_hh_m": 6.0, "marg_hh_f": 4.0, "marg_ot_p": 154.0, "marg_ot_m": 52.0, "marg_ot_f": 102.0, "margwork_3": 1337.0, "margwork_4": 399.0, "margwork_5": 938.0, "marg_cl_3_": 25.0, "marg_cl_31": 19.0, "marg_cl_32": 6.0, "marg_al_3_": 1207.0, "marg_al_31": 336.0, "marg_al_32": 871.0, "marg_hh_3_": 10.0, "marg_hh_31": 6.0, "marg_hh_32": 4.0, "marg_ot_3_": 95.0, "marg_ot_31": 38.0, "marg_ot_32": 57.0, "margwork_0": 241.0, "margwork_1": 50.0, "margwork_2": 191.0, "marg_cl_0_": 9.0, "marg_cl_01": 5.0, "marg_cl_02": 4.0, "marg_al_0_": 173.0, "marg_al_01": 31.0, "marg_al_02": 142.0, "marg_hh_0_": 0.0, "marg_hh_01": 0.0, "marg_hh_02": 0.0, "marg_ot_0_": 59.0, "marg_ot_01": 14.0, "marg_ot_02": 45.0, "non_work_p": 12000.0, "non_work_m": 4436.0, "non_work_f": 7564.0, "source_table": "villagewise_population", "created_at": "2026-02-20T19:03:55", "district_28_legacy": "West Godavari", "district_code_28_legacy": "10", "district_name": "West Godavari", "district_lgd": 523, "SHAPE__Length": 23121.933196364946, "SHAPE__Area": 32131008.658722144 }, "geometry": { "type": "MultiPolygon", "coordinates": [ [ [ [ 81.498456411000063, 16.47463367200012 ], [ 81.499005510000046, 16.474118758000067 ], [ 81.499264783000072, 16.473847778 ], [ 81.499851072000084, 16.473237215000072 ], [ 81.500384489000083, 16.472582713000044 ], [ 81.500772860000026, 16.472008345000031 ], [ 81.501307328000081, 16.47131765700005 ], [ 81.50157277600006, 16.470779265000075 ], [ 81.501801537000105, 16.470126789000119 ], [ 81.501915512000053, 16.469857366000067 ], [ 81.502266743000064, 16.469397863000072 ], [ 81.502723986000049, 16.468745275000114 ], [ 81.502914241000084, 16.468514066000132 ], [ 81.503608389000092, 16.468667470000121 ], [ 81.504648252000081, 16.469205951000095 ], [ 81.505640392000075, 16.469475483000032 ], [ 81.505792238000126, 16.468592019000045 ], [ 81.506104418000064, 16.468015607000112 ], [ 81.507103167000082, 16.467056131000067 ], [ 81.509711091000085, 16.465137035000097 ], [ 81.51089388600009, 16.464215432000096 ], [ 81.514308872000086, 16.460800311000089 ], [ 81.516535350000112, 16.458726253000027 ], [ 81.51837317200004, 16.456768673000116 ], [ 81.521942009000071, 16.453544597000079 ], [ 81.524053513000112, 16.451472504000119 ], [ 81.526393589000094, 16.449091593000123 ], [ 81.528039905000085, 16.446673786000098 ], [ 81.528907371000088, 16.445051499000044 ], [ 81.528999339000052, 16.444874273000138 ], [ 81.527998280000105, 16.444360098000072 ], [ 81.527509240000086, 16.444211230000075 ], [ 81.52685210200012, 16.442817918000024 ], [ 81.526828476000034, 16.442767824000068 ], [ 81.526828326000071, 16.442767556000035 ], [ 81.526215772000043, 16.441709748000036 ], [ 81.525714914000034, 16.440759870000036 ], [ 81.525022704000051, 16.439447076000132 ], [ 81.524264465000087, 16.437946236000116 ], [ 81.522803240000044, 16.43534970700005 ], [ 81.52213727500002, 16.434112577000043 ], [ 81.521417964000108, 16.433038983000149 ], [ 81.520843716000073, 16.432383226000059 ], [ 81.520339666000012, 16.431807626000079 ], [ 81.518184266000048, 16.430060011000023 ], [ 81.516593762000099, 16.428375111000047 ], [ 81.516088968000119, 16.427953966000128 ], [ 81.515753879000059, 16.427674402000044 ], [ 81.515218789000045, 16.427036650000112 ], [ 81.514843912000089, 16.426673721000078 ], [ 81.514416185000087, 16.426268551000138 ], [ 81.514163445000079, 16.425636729000139 ], [ 81.513451702000097, 16.424706673000056 ], [ 81.51256458000006, 16.423517098000119 ], [ 81.512432453000045, 16.42338889800002 ], [ 81.511753741000049, 16.422730358000052 ], [ 81.511334037000026, 16.422460929000174 ], [ 81.511158585000032, 16.422348297000067 ], [ 81.509752127000084, 16.421394872000121 ], [ 81.509654554000107, 16.421336817000125 ], [ 81.50923224200011, 16.421085540000092 ], [ 81.50923218500003, 16.421085506000153 ], [ 81.509153140000095, 16.421085502000036 ], [ 81.508675751000055, 16.421085473000126 ], [ 81.507954536000057, 16.421084912000126 ], [ 81.507323905000092, 16.421084420000067 ], [ 81.506824465000108, 16.421162953000099 ], [ 81.50611090200006, 16.421275152000135 ], [ 81.50558421000008, 16.421418047000042 ], [ 81.505371818000086, 16.421260066000098 ], [ 81.505285950000072, 16.421196211000058 ], [ 81.505122307000093, 16.421079128000109 ], [ 81.503894630000076, 16.420200858000047 ], [ 81.502825901000037, 16.41934418400005 ], [ 81.501889471000084, 16.419938271999978 ], [ 81.499903926000087, 16.420319499000108 ], [ 81.49892793600003, 16.4206321640001 ], [ 81.49779039100008, 16.420978652000084 ], [ 81.496692312000064, 16.421955342000079 ], [ 81.495302119, 16.422428057000129 ], [ 81.49359822200006, 16.421858676000088 ], [ 81.492178420000087, 16.421480096000067 ], [ 81.49113466200005, 16.421479174000126 ], [ 81.488928445000056, 16.421730353000083 ], [ 81.487508948000126, 16.421824907000069 ], [ 81.485867561000106, 16.422141128000131 ], [ 81.483722727000099, 16.422548667000022 ], [ 81.480920910000052, 16.422642618000044 ], [ 81.479592578000037, 16.422672413 ], [ 81.477760918000058, 16.422831957000046 ], [ 81.476158641000069, 16.423304584000121 ], [ 81.474860356000121, 16.423586393000058 ], [ 81.472494078000082, 16.423993879000108 ], [ 81.470823271000086, 16.424279540000079 ], [ 81.469441509000035, 16.424465448000042 ], [ 81.466915916000062, 16.425663059000108 ], [ 81.465245045000074, 16.426326869000064 ], [ 81.463070698000081, 16.427081382000072 ], [ 81.462063555000029, 16.42758503800016 ], [ 81.461368919000066, 16.427996811000085 ], [ 81.460834866000127, 16.428439795000052 ], [ 81.460767706000084, 16.429099699000059 ], [ 81.461120134000055, 16.42982571600005 ], [ 81.462128747000051, 16.430994251000151 ], [ 81.461536662000086, 16.433200603000088 ], [ 81.460905865000043, 16.435788644000063 ], [ 81.460467031000064, 16.438720427000028 ], [ 81.459774821000153, 16.440361738 ], [ 81.458326850000077, 16.441972337 ], [ 81.455963574000066, 16.444681572000057 ], [ 81.455338209000047, 16.445566863000071 ], [ 81.456289044000115, 16.448186732000089 ], [ 81.456764199000077, 16.449603226000065 ], [ 81.458024706000074, 16.449951388000123 ], [ 81.459505198000031, 16.450203964000043 ], [ 81.460511336000124, 16.450110739000099 ], [ 81.462625578000043, 16.449542974000099 ], [ 81.465217067000125, 16.449898708 ], [ 81.465628470000112, 16.44995465900012 ], [ 81.467048960000056, 16.450902680000134 ], [ 81.468211577000062, 16.452197383000136 ], [ 81.46919833700008, 16.453839106000022 ], [ 81.469574114000054, 16.455290332000104 ], [ 81.47014099900008, 16.456393922000085 ], [ 81.471151328000076, 16.457292188000096 ], [ 81.471278206000079, 16.457404328000106 ], [ 81.472729452000081, 16.458035085000056 ], [ 81.474371095000024, 16.458856369000102 ], [ 81.47452850300003, 16.458989902999988 ], [ 81.475413050000071, 16.459740958000094 ], [ 81.477155735000082, 16.461413854000138 ], [ 81.478448812000082, 16.463181857000112 ], [ 81.479235664000072, 16.46415986200002 ], [ 81.479707059000063, 16.464281756000087 ], [ 81.481067302000071, 16.464632323000057 ], [ 81.481639917000081, 16.464901469000043 ], [ 81.48214564900006, 16.465138582000115 ], [ 81.482809453000101, 16.465721210000087 ], [ 81.482902271000043, 16.465803479000066 ], [ 81.484481972000054, 16.466261934000098 ], [ 81.485826818000106, 16.466930782000151 ], [ 81.488476466000066, 16.467816323000104 ], [ 81.493585765000105, 16.469508151000113 ], [ 81.496464894000027, 16.470314910000074 ], [ 81.496733984000088, 16.470929742000088 ], [ 81.49700998100009, 16.472620900000113 ], [ 81.497315846000049, 16.473004977000052 ], [ 81.498165158000077, 16.474425364000112 ], [ 81.498433047000063, 16.474656353000118 ], [ 81.498456411000063, 16.47463367200012 ] ] ] ] } },
{ "type": "Feature", "properties": { "objectid": 8916, "dname": "WEST GODAVARI", "dmname": "BHIMAVARAM", "dvname": "Vempa", "dcode": "05", "mcode": "36", "vcode": "016", "dmv_code": "0536016", "hname": "KOMATITIPPA (NORTH)", "district": 546.0, "subdistt": 4984.0, "town_villa": 588739.0, "ward": 0.0, "eb": 0.0, "level": "VILLAGE", "name": "Vempa", "tru": "Rural", "no_hh": 1992.0, "tot_p": 6892.0, "tot_m": 3404.0, "tot_f": 3488.0, "p_06": 716.0, "m_06": 348.0, "f_06": 368.0, "p_sc": 2136.0, "m_sc": 1035.0, "f_sc": 1101.0, "p_st": 22.0, "m_st": 12.0, "f_st": 10.0, "p_lit": 4547.0, "m_lit": 2352.0, "f_lit": 2195.0, "p_ill": 2345.0, "m_ill": 1052.0, "f_ill": 1293.0, "tot_work_p": 3408.0, "tot_work_m": 2231.0, "tot_work_f": 1177.0, "mainwork_p": 2974.0, "mainwork_m": 2178.0, "mainwork_f": 796.0, "main_cl_p": 489.0, "main_cl_m": 470.0, "main_cl_f": 19.0, "main_al_p": 2103.0, "main_al_m": 1399.0, "main_al_f": 704.0, "main_hh_p": 15.0, "main_hh_m": 13.0, "main_hh_f": 2.0, "main_ot_p": 367.0, "main_ot_m": 296.0, "main_ot_f": 71.0, "margwork_p": 434.0, "margwork_m": 53.0, "margwork_f": 381.0, "marg_cl_p": 2.0, "marg_cl_m": 0.0, "marg_cl_f": 2.0, "marg_al_p": 422.0, "marg_al_m": 47.0, "marg_al_f": 375.0, "marg_hh_p": 0.0, "marg_hh_m": 0.0, "marg_hh_f": 0.0, "marg_ot_p": 10.0, "marg_ot_m": 6.0, "marg_ot_f": 4.0, "margwork_3": 432.0, "margwork_4": 52.0, "margwork_5": 380.0, "marg_cl_3_": 2.0, "marg_cl_31": 0.0, "marg_cl_32": 2.0, "marg_al_3_": 420.0, "marg_al_31": 46.0, "marg_al_32": 374.0, "marg_hh_3_": 0.0, "marg_hh_31": 0.0, "marg_hh_32": 0.0, "marg_ot_3_": 10.0, "marg_ot_31": 6.0, "marg_ot_32": 4.0, "margwork_0": 2.0, "margwork_1": 1.0, "margwork_2": 1.0, "marg_cl_0_": 0.0, "marg_cl_01": 0.0, "marg_cl_02": 0.0, "marg_al_0_": 2.0, "marg_al_01": 1.0, "marg_al_02": 1.0, "marg_hh_0_": 0.0, "marg_hh_01": 0.0, "marg_hh_02": 0.0, "marg_ot_0_": 0.0, "marg_ot_01": 0.0, "marg_ot_02": 0.0, "non_work_p": 3484.0, "non_work_m": 1173.0, "non_work_f": 2311.0, "source_table": "villagewise_population", "created_at": "2026-02-20T19:03:55", "district_28_legacy": "West Godavari", "district_code_28_legacy": "10", "district_name": "West Godavari", "district_lgd": 523, "SHAPE__Length": 16423.382559298527, "SHAPE__Area": 15419657.377049675 }, "geometry": { "type": "MultiPolygon", "coordinates": [ [ [ [ 81.581296944000059, 16.452554214000067 ], [ 81.581350136000069, 16.452357874000089 ], [ 81.581350198000067, 16.452357856000095 ], [ 81.58147238300009, 16.452321834000077 ], [ 81.582158877000026, 16.452119445000079 ], [ 81.581967714000029, 16.451739628000137 ], [ 81.581895743000061, 16.451587337000042 ], [ 81.581776463000026, 16.451334938000063 ], [ 81.581800854000036, 16.451246353000094 ], [ 81.581874773000024, 16.450977899000087 ], [ 81.581910573000073, 16.450773305000055 ], [ 81.581966624000131, 16.450452985000108 ], [ 81.581965688000111, 16.450191814 ], [ 81.582301601000069, 16.450096287000097 ], [ 81.582428565000029, 16.450102990000079 ], [ 81.582775022000121, 16.450121278000026 ], [ 81.583346852000048, 16.450144243000061 ], [ 81.584347070000064, 16.450049320000058 ], [ 81.584642673000047, 16.450004666000027 ], [ 81.584660892000059, 16.450001914000048 ], [ 81.585110367000098, 16.44988395600004 ], [ 81.585110503000109, 16.44988388000009 ], [ 81.585130390000103, 16.449872727000166 ], [ 81.585324341000103, 16.449763959000048 ], [ 81.585377163000075, 16.449664450000114 ], [ 81.585514028000105, 16.449406613000093 ], [ 81.585685863000037, 16.449024956000141 ], [ 81.58572789500009, 16.448931600000105 ], [ 81.58551389200008, 16.448717499000065 ], [ 81.585559123000039, 16.448263403000123 ], [ 81.585558839000072, 16.447858641000046 ], [ 81.585513343000102, 16.447580783000035 ], [ 81.58546540100005, 16.447287990000142 ], [ 81.585371883000064, 16.446934408000068 ], [ 81.585320496000094, 16.446740124000101 ], [ 81.585123782000082, 16.446417150000027 ], [ 81.58506003700009, 16.446312490000061 ], [ 81.58492884000006, 16.4461297500001 ], [ 81.584700904000016, 16.445812261000178 ], [ 81.584338609000056, 16.443452734000054 ], [ 81.584052696000072, 16.440501068000124 ], [ 81.583877831000052, 16.439519984000142 ], [ 81.58371313900011, 16.438595972000105 ], [ 81.583675824000082, 16.437960541000137 ], [ 81.583666971000085, 16.437809777999981 ], [ 81.583666835000059, 16.437809661000106 ], [ 81.582474182000027, 16.436783762 ], [ 81.581564437000111, 16.435951263000131 ], [ 81.580639358000013, 16.434759839000037 ], [ 81.580427502000063, 16.43453415600008 ], [ 81.580280680000044, 16.434377750000081 ], [ 81.579942797000044, 16.433910625000038 ], [ 81.579660228000066, 16.433519973000042 ], [ 81.579613846000044, 16.432997214000142 ], [ 81.579633867000027, 16.431967918000044 ], [ 81.579657405000049, 16.430757867000136 ], [ 81.579656296000081, 16.430234831000018 ], [ 81.579655691000099, 16.429948911000047 ], [ 81.579655466000077, 16.429614862000054 ], [ 81.57965514600005, 16.429139385000095 ], [ 81.579799649000023, 16.428925781999979 ], [ 81.57979949900006, 16.428925768000109 ], [ 81.578776596000068, 16.428829689000136 ], [ 81.578708101000075, 16.428784360000151 ], [ 81.578271668000056, 16.428495564000109 ], [ 81.577561560000078, 16.428113505000113 ], [ 81.577325511000112, 16.42800391100014 ], [ 81.577202494000048, 16.427946796000128 ], [ 81.575751330000116, 16.427041443000046 ], [ 81.575492564000072, 16.426901049000033 ], [ 81.57522315000007, 16.426754878000093 ], [ 81.574040051000097, 16.426169991000137 ], [ 81.573344335000087, 16.425826046000079 ], [ 81.571244292000088, 16.4249431480001 ], [ 81.569028381000066, 16.424084918000172 ], [ 81.568462847000063, 16.423873313000076 ], [ 81.567118742000062, 16.423370384000084 ], [ 81.565807429000117, 16.422841055000113 ], [ 81.565286345000047, 16.422630709000057 ], [ 81.563193292000093, 16.421986341000057 ], [ 81.56319306100005, 16.421986268000108 ], [ 81.563144436000101, 16.421970492000035 ], [ 81.561283793000058, 16.421366657000085 ], [ 81.559092466000081, 16.42081803500005 ], [ 81.55881664900005, 16.420770474000125 ], [ 81.556739987000071, 16.4204123660001 ], [ 81.555236294000068, 16.420197853000069 ], [ 81.555175264000098, 16.420844767000052 ], [ 81.555232009000065, 16.423376056000041 ], [ 81.555054851000108, 16.427722181000014 ], [ 81.552687887000062, 16.427555077000076 ], [ 81.549550862000046, 16.427612564000054 ], [ 81.546764303, 16.427727687000022 ], [ 81.545489730000057, 16.427727198000063 ], [ 81.545899507000073, 16.432140424000139 ], [ 81.546904388000016, 16.435504805000122 ], [ 81.546414067000057, 16.440147 ], [ 81.546008320000098, 16.444515877000072 ], [ 81.545676026000066, 16.447749374000161 ], [ 81.544763859000085, 16.449972796000079 ], [ 81.542094566000102, 16.452294458000072 ], [ 81.541209060000071, 16.452713874000068 ], [ 81.541820485000059, 16.453012133000122 ], [ 81.542844485000089, 16.453703676999979 ], [ 81.54353990500006, 16.453893127000107 ], [ 81.544181523000105, 16.454109313000103 ], [ 81.544608724000099, 16.454323348000134 ], [ 81.545227473000054, 16.454705239000159 ], [ 81.546610932000078, 16.455665847000052 ], [ 81.549171184000073, 16.457442409000095 ], [ 81.550790347000017, 16.458107713000164 ], [ 81.551324695000062, 16.45847063500004 ], [ 81.552280551000109, 16.459089426000119 ], [ 81.554403812, 16.459829410000051 ], [ 81.556878897000061, 16.46099674600012 ], [ 81.55847551200003, 16.46190232100011 ], [ 81.560274696000079, 16.460063218000101 ], [ 81.560877762000118, 16.459964035000102 ], [ 81.561671461000117, 16.45976417400011 ], [ 81.562076385000069, 16.459964679000109 ], [ 81.563571169000056, 16.459215319000073 ], [ 81.565624305000085, 16.458317150000077 ], [ 81.567966991000063, 16.457467198000074 ], [ 81.570071991000134, 16.456668312000087 ], [ 81.572468891000099, 16.455919322000035 ], [ 81.574963839000105, 16.455071053000051 ], [ 81.577611538000056, 16.454022693000081 ], [ 81.581296944000059, 16.452554214000067 ] ] ] ] } },
{ "type": "Feature", "properties": { "objectid": 8922, "dname": "WEST GODAVARI", "dmname": "BHIMAVARAM", "dvname": "Forest", "dcode": " ", "mcode": " ", "vcode": " ", "dmv_code": " ", "hname": " ", "district": 0.0, "subdistt": 0.0, "town_villa": 0.0, "ward": 0.0, "eb": 0.0, "level": " ", "name": " ", "tru": " ", "no_hh": 0.0, "tot_p": 0.0, "tot_m": 0.0, "tot_f": 0.0, "p_06": 0.0, "m_06": 0.0, "f_06": 0.0, "p_sc": 0.0, "m_sc": 0.0, "f_sc": 0.0, "p_st": 0.0, "m_st": 0.0, "f_st": 0.0, "p_lit": 0.0, "m_lit": 0.0, "f_lit": 0.0, "p_ill": 0.0, "m_ill": 0.0, "f_ill": 0.0, "tot_work_p": 0.0, "tot_work_m": 0.0, "tot_work_f": 0.0, "mainwork_p": 0.0, "mainwork_m": 0.0, "mainwork_f": 0.0, "main_cl_p": 0.0, "main_cl_m": 0.0, "main_cl_f": 0.0, "main_al_p": 0.0, "main_al_m": 0.0, "main_al_f": 0.0, "main_hh_p": 0.0, "main_hh_m": 0.0, "main_hh_f": 0.0, "main_ot_p": 0.0, "main_ot_m": 0.0, "main_ot_f": 0.0, "margwork_p": 0.0, "margwork_m": 0.0, "margwork_f": 0.0, "marg_cl_p": 0.0, "marg_cl_m": 0.0, "marg_cl_f": 0.0, "marg_al_p": 0.0, "marg_al_m": 0.0, "marg_al_f": 0.0, "marg_hh_p": 0.0, "marg_hh_m": 0.0, "marg_hh_f": 0.0, "marg_ot_p": 0.0, "marg_ot_m": 0.0, "marg_ot_f": 0.0, "margwork_3": 0.0, "margwork_4": 0.0, "margwork_5": 0.0, "marg_cl_3_": 0.0, "marg_cl_31": 0.0, "marg_cl_32": 0.0, "marg_al_3_": 0.0, "marg_al_31": 0.0, "marg_al_32": 0.0, "marg_hh_3_": 0.0, "marg_hh_31": 0.0, "marg_hh_32": 0.0, "marg_ot_3_": 0.0, "marg_ot_31": 0.0, "marg_ot_32": 0.0, "margwork_0": 0.0, "margwork_1": 0.0, "margwork_2": 0.0, "marg_cl_0_": 0.0, "marg_cl_01": 0.0, "marg_cl_02": 0.0, "marg_al_0_": 0.0, "marg_al_01": 0.0, "marg_al_02": 0.0, "marg_hh_0_": 0.0, "marg_hh_01": 0.0, "marg_hh_02": 0.0, "marg_ot_0_": 0.0, "marg_ot_01": 0.0, "marg_ot_02": 0.0, "non_work_p": 0.0, "non_work_m": 0.0, "non_work_f": 0.0, "source_table": "villagewise_population", "created_at": "2026-02-20T19:03:55", "district_28_legacy": "West Godavari", "district_code_28_legacy": "10", "district_name": "West Godavari", "district_lgd": 523, "SHAPE__Length": 15996.271342860993, "SHAPE__Area": 7456675.9824378053 }, "geometry": { "type": "MultiPolygon", "coordinates": [ [ [ [ 81.555236294000068, 16.420197853000069 ], [ 81.55523653000003, 16.420197715000093 ], [ 81.557053840000094, 16.419130793000118 ], [ 81.558904804000051, 16.418044083000034 ], [ 81.561253109000091, 16.416237239000047 ], [ 81.563069767000059, 16.414839417000124 ], [ 81.564251753000093, 16.413843453000077 ], [ 81.564438695000021, 16.412007523000067 ], [ 81.56455980700008, 16.410818089000013 ], [ 81.564559814000063, 16.410818023000068 ], [ 81.563674510000098, 16.410556329000027 ], [ 81.563674215000063, 16.410556244000109 ], [ 81.563518737000052, 16.410513474000073 ], [ 81.560031559000066, 16.409553960000117 ], [ 81.559343502000033, 16.408744390000013 ], [ 81.558906522000015, 16.407373783000086 ], [ 81.55872954000003, 16.406327392000019 ], [ 81.558149118000088, 16.406153450000073 ], [ 81.557655568000072, 16.405536483000049 ], [ 81.557452670000018, 16.405282847000016 ], [ 81.557526360000026, 16.403219322000066 ], [ 81.557526364000111, 16.403219213000117 ], [ 81.556537464000016, 16.403218839000029 ], [ 81.555167292000093, 16.403218313000096 ], [ 81.553957496000066, 16.40343347200012 ], [ 81.552396431000062, 16.403711092000091 ], [ 81.550062213000047, 16.404815245000073 ], [ 81.549812918000072, 16.404901150000111 ], [ 81.548391495000089, 16.405390959 ], [ 81.54839103200004, 16.405390947000093 ], [ 81.546811233000071, 16.405357530000103 ], [ 81.544566370000069, 16.405192209000109 ], [ 81.542183002000044, 16.404104782000079 ], [ 81.541647898000051, 16.403860632000065 ], [ 81.541647566000108, 16.403860480000084 ], [ 81.541701397000068, 16.404192715000057 ], [ 81.541803750000042, 16.406407294000058 ], [ 81.542326598000059, 16.414855958000093 ], [ 81.542510692000079, 16.416813105000095 ], [ 81.543039852000035, 16.422438516000117 ], [ 81.542238370000064, 16.423759407 ], [ 81.541904009000092, 16.424310449000085 ], [ 81.540551773000061, 16.429068409000017 ], [ 81.539161369000084, 16.43434034400012 ], [ 81.537694981000087, 16.439334935000041 ], [ 81.536936389000061, 16.443001650000092 ], [ 81.536829356000027, 16.443754063000092 ], [ 81.536346904000098, 16.447145520000106 ], [ 81.535883717000047, 16.449124985000022 ], [ 81.537587844000015, 16.450354872000041 ], [ 81.541209060000071, 16.452713874000068 ], [ 81.542094566000102, 16.452294458000072 ], [ 81.544763859000085, 16.449972796000079 ], [ 81.545676026000066, 16.447749374000161 ], [ 81.546008320000098, 16.444515877000072 ], [ 81.546414067000057, 16.440147 ], [ 81.546904388000016, 16.435504805000122 ], [ 81.545899507000073, 16.432140424000139 ], [ 81.545489730000057, 16.427727198000063 ], [ 81.546764303, 16.427727687000022 ], [ 81.549550862000046, 16.427612564000054 ], [ 81.552687887000062, 16.427555077000076 ], [ 81.555054851000108, 16.427722181000014 ], [ 81.555232009000065, 16.423376056000041 ], [ 81.555175264000098, 16.420844767000052 ], [ 81.555236294000068, 16.420197853000069 ] ] ] ] } },
{ "type": "Feature", "properties": { "objectid": 8929, "dname": "WEST GODAVARI", "dmname": "BHIMAVARAM", "dvname": "Losarigutlapadu", "dcode": "05", "mcode": "36", "vcode": "012", "dmv_code": "0536012", "hname": "LOSARI", "district": 546.0, "subdistt": 4984.0, "town_villa": 588735.0, "ward": 0.0, "eb": 0.0, "level": "VILLAGE", "name": "Losarigutlapadu", "tru": "Rural", "no_hh": 6390.0, "tot_p": 22831.0, "tot_m": 11467.0, "tot_f": 11364.0, "p_06": 2274.0, "m_06": 1131.0, "f_06": 1143.0, "p_sc": 1545.0, "m_sc": 745.0, "f_sc": 800.0, "p_st": 75.0, "m_st": 34.0, "f_st": 41.0, "p_lit": 14022.0, "m_lit": 7572.0, "f_lit": 6450.0, "p_ill": 8809.0, "m_ill": 3895.0, "f_ill": 4914.0, "tot_work_p": 10831.0, "tot_work_m": 7031.0, "tot_work_f": 3800.0, "mainwork_p": 9253.0, "mainwork_m": 6582.0, "mainwork_f": 2671.0, "main_cl_p": 976.0, "main_cl_m": 914.0, "main_cl_f": 62.0, "main_al_p": 6899.0, "main_al_m": 4549.0, "main_al_f": 2350.0, "main_hh_p": 35.0, "main_hh_m": 28.0, "main_hh_f": 7.0, "main_ot_p": 1343.0, "main_ot_m": 1091.0, "main_ot_f": 252.0, "margwork_p": 1578.0, "margwork_m": 449.0, "margwork_f": 1129.0, "marg_cl_p": 34.0, "marg_cl_m": 24.0, "marg_cl_f": 10.0, "marg_al_p": 1380.0, "marg_al_m": 367.0, "marg_al_f": 1013.0, "marg_hh_p": 10.0, "marg_hh_m": 6.0, "marg_hh_f": 4.0, "marg_ot_p": 154.0, "marg_ot_m": 52.0, "marg_ot_f": 102.0, "margwork_3": 1337.0, "margwork_4": 399.0, "margwork_5": 938.0, "marg_cl_3_": 25.0, "marg_cl_31": 19.0, "marg_cl_32": 6.0, "marg_al_3_": 1207.0, "marg_al_31": 336.0, "marg_al_32": 871.0, "marg_hh_3_": 10.0, "marg_hh_31": 6.0, "marg_hh_32": 4.0, "marg_ot_3_": 95.0, "marg_ot_31": 38.0, "marg_ot_32": 57.0, "margwork_0": 241.0, "margwork_1": 50.0, "margwork_2": 191.0, "marg_cl_0_": 9.0, "marg_cl_01": 5.0, "marg_cl_02": 4.0, "marg_al_0_": 173.0, "marg_al_01": 31.0, "marg_al_02": 142.0, "marg_hh_0_": 0.0, "marg_hh_01": 0.0, "marg_hh_02": 0.0, "marg_ot_0_": 59.0, "marg_ot_01": 14.0, "marg_ot_02": 45.0, "non_work_p": 12000.0, "non_work_m": 4436.0, "non_work_f": 7564.0, "source_table": "villagewise_population", "created_at": "2026-02-20T19:03:55", "district_28_legacy": "West Godavari", "district_code_28_legacy": "10", "district_name": "West Godavari", "district_lgd": 523, "SHAPE__Length": 5707.734643206526, "SHAPE__Area": 1116595.7086775464 }, "geometry": { "type": "MultiPolygon", "coordinates": [ [ [ [ 81.432491586000125, 16.405458804000023 ], [ 81.432467251000077, 16.40555214500009 ], [ 81.432221897000034, 16.406190463000069 ], [ 81.432136968000094, 16.406395895000021 ], [ 81.431771175000094, 16.406693645000129 ], [ 81.431489521000046, 16.40692220500005 ], [ 81.43106742100008, 16.407607907000017 ], [ 81.430711907000088, 16.40781404700007 ], [ 81.430316097000031, 16.408269595000082 ], [ 81.430177152000084, 16.4084288120001 ], [ 81.429461764000095, 16.408958121000129 ], [ 81.429137821000054, 16.409146086000039 ], [ 81.429137895000082, 16.409146100000079 ], [ 81.429516383000077, 16.40922084800015 ], [ 81.430876591000086, 16.409725504000118 ], [ 81.43163225300006, 16.411018088000112 ], [ 81.432261695000065, 16.411163981000165 ], [ 81.432450410000072, 16.411207579000092 ], [ 81.433929509000066, 16.411082144000144 ], [ 81.43497780900006, 16.411052242999986 ], [ 81.435323739000083, 16.411183613000041 ], [ 81.435892467000016, 16.411398059000078 ], [ 81.436270325000052, 16.411635056000083 ], [ 81.436902827000054, 16.412030796000053 ], [ 81.437787442000072, 16.412519141000153 ], [ 81.438505462000109, 16.412915215000066 ], [ 81.440308150000106, 16.414114532000085 ], [ 81.442012102, 16.415188600000043 ], [ 81.44327071700009, 16.414557169000037 ], [ 81.445010317000111, 16.413769542000079 ], [ 81.447498223000096, 16.41250897700008 ], [ 81.449923276000078, 16.410994727000084 ], [ 81.44935752800005, 16.409795535000033 ], [ 81.448598863000058, 16.40831420800011 ], [ 81.446769278000048, 16.408343457000072 ], [ 81.444682995000065, 16.40872048200012 ], [ 81.443235185000077, 16.408719844000082 ], [ 81.441784856000069, 16.409066305000113 ], [ 81.440304253000107, 16.409477848000037 ], [ 81.439045210000089, 16.409950976000015 ], [ 81.438189474000083, 16.40972882100009 ], [ 81.437020278000048, 16.408846643000086 ], [ 81.436826734000093, 16.407928522000088 ], [ 81.436924782000034, 16.406983059000069 ], [ 81.43471359500009, 16.406273220000084 ], [ 81.43367132000003, 16.405939607000079 ], [ 81.432788278000061, 16.405579566000068 ], [ 81.432491680000084, 16.405458844000062 ], [ 81.432491586000125, 16.405458804000023 ] ] ] ] } }
]
}
